Sergey Butakov,http://data.linkededucation.org/resource/lak/conference/lak2012/paper/15
Luo Si,http://data.linkededucation.org/resource/lak/conference/edm2009/paper/186
Jose P. Gonzalez-brenes,http://data.linkededucation.org/resource/lak/conference/edm2011/paper/98
Jose P. Gonzalez-brenes,http://data.linkededucation.org/resource/lak/conference/edm2012/paper/42
Jose P. Gonzalez-brenes,http://data.linkededucation.org/resource/lak/conference/edm2011/paper/67
Jose P. Gonzalez-brenes,http://data.linkededucation.org/resource/lak/conference/edm2010/paper/167
Vania Dimitrova,http://data.linkededucation.org/resource/lak/conference/lak2012/paper/2
Nabila Bousbia,http://data.linkededucation.org/resource/lak/conference/edm2010/paper/114
Stefan Droschler,http://data.linkededucation.org/resource/lak/conference/edm2012/paper/30
Lars Schmidt-thieme,http://data.linkededucation.org/resource/lak/conference/edm2011/paper/68
K. Stefanova,http://data.linkededucation.org/resource/lak/conference/edm2011/paper/106
Christopher Teplovs,http://data.linkededucation.org/resource/lak/conference/lak2011/paper/57
Christopher Teplovs,http://data.linkededucation.org/resource/lak/conference/lak2011/paper/60
David Sanchez de Castro,http://data.linkededucation.org/resource/lak/conference/lak2012/paper/21
Marta Zorrilla,http://data.linkededucation.org/resource/lak/conference/edm2011/paper/101
Marta Zorrilla,http://data.linkededucation.org/resource/lak/conference/edm2012/paper/48
Marta Zorrilla,http://data.linkededucation.org/resource/lak/conference/edm2011/paper/93
Bruce Sherin,http://data.linkededucation.org/resource/lak/conference/lak2012/paper/38
Blair Lehman,http://data.linkededucation.org/resource/lak/conference/edm2010/paper/151
Derick Leony,http://data.linkededucation.org/resource/lak/conference/lak2012/paper/21
Brent Morgan,http://data.linkededucation.org/resource/lak/conference/edm2012/paper/23
Bob Dolan,http://data.linkededucation.org/resource/lak/conference/edm2012/paper/37
Tomaas Horvath,http://data.linkededucation.org/resource/lak/conference/edm2011/paper/68
Leigh Ann Sudol-delyser,http://data.linkededucation.org/resource/lak/conference/edm2012/paper/31
Leigh Ann Sudol-delyser,http://data.linkededucation.org/resource/lak/conference/edm2011/paper/83
Vassilios Protonotarios,http://data.linkededucation.org/resource/lak/conference/lak2011/paper/48
Nevin Darwish,http://data.linkededucation.org/resource/lak/conference/edm2010/paper/115
Kurt Vanlehn,http://data.linkededucation.org/resource/lak/conference/edm2008/paper/233
Kurt Vanlehn,http://data.linkededucation.org/resource/lak/conference/edm2011/paper/61
Gerben W. Dekker,http://data.linkededucation.org/resource/lak/conference/edm2009/paper/195
Sadhana Puntambekar,http://data.linkededucation.org/resource/lak/conference/edm2008/paper/222
Rafael A. Calvo,http://data.linkededucation.org/resource/lak/conference/edm2010/paper/149
Rafael A. Calvo,http://data.linkededucation.org/resource/lak/conference/edm2010/paper/174
Venniraiselvi Sundararaju,http://data.linkededucation.org/resource/lak/conference/lak2012/paper/31
Hendrik Drachsler,http://data.linkededucation.org/resource/lak/specialissue/jets12/paper/67
Hendrik Drachsler,http://data.linkededucation.org/resource/lak/conference/lak2012/paper/10
Hendrik Drachsler,http://data.linkededucation.org/resource/lak/specialissue/jets12/paper/72
Hendrik Drachsler,http://data.linkededucation.org/resource/lak/conference/lak2011/paper/46
Jonathan P. Rowe,http://data.linkededucation.org/resource/lak/conference/edm2011/paper/96
C. Marquez-vera,http://data.linkededucation.org/resource/lak/conference/edm2011/paper/78
Liane Beuster,http://data.linkededucation.org/resource/lak/conference/edm2012/paper/36
Niels Pinkwart,http://data.linkededucation.org/resource/lak/conference/edm2008/paper/214
Richard Alterman,http://data.linkededucation.org/resource/lak/conference/lak2012/paper/37
Marian Simko,http://data.linkededucation.org/resource/lak/conference/edm2009/paper/208
Cristian Moldovan,http://data.linkededucation.org/resource/lak/conference/edm2012/paper/17
Mareike Bultmann,http://data.linkededucation.org/resource/lak/specialissue/jets12/paper/73
Martin Schon,http://data.linkededucation.org/resource/lak/conference/lak2012/paper/26
Paul Prinsloo,http://data.linkededucation.org/resource/lak/conference/lak2012/paper/36
Daniel Guerra,http://data.linkededucation.org/resource/lak/conference/edm2012/paper/15
Koichi Yastake,http://data.linkededucation.org/resource/lak/conference/edm2011/paper/86
Stuart Russell,http://data.linkededucation.org/resource/lak/conference/edm2011/paper/59
Lili Wu,http://data.linkededucation.org/resource/lak/conference/edm2008/paper/219
Carolyn P. Rose,http://data.linkededucation.org/resource/lak/conference/edm2009/paper/189
Keith E. Maull,http://data.linkededucation.org/resource/lak/conference/edm2010/paper/132
Keith E. Maull,http://data.linkededucation.org/resource/lak/conference/edm2010/paper/170
Hao Cen,http://data.linkededucation.org/resource/lak/conference/edm2008/paper/219
Hao Cen,http://data.linkededucation.org/resource/lak/conference/edm2009/paper/177
C. Romero,http://data.linkededucation.org/resource/lak/conference/edm2011/paper/78
C. Romero,http://data.linkededucation.org/resource/lak/conference/edm2008/paper/236
C. Romero,http://data.linkededucation.org/resource/lak/conference/edm2011/paper/60
C. Romero,http://data.linkededucation.org/resource/lak/conference/edm2010/paper/122
C. Romero,http://data.linkededucation.org/resource/lak/conference/edm2008/paper/231
C. Romero,http://data.linkededucation.org/resource/lak/conference/edm2012/paper/4
C. Romero,http://data.linkededucation.org/resource/lak/conference/edm2012/paper/1
C. Romero,http://data.linkededucation.org/resource/lak/conference/edm2008/paper/224
C. Romero,http://data.linkededucation.org/resource/lak/conference/edm2009/paper/191
C. Romero,http://data.linkededucation.org/resource/lak/conference/edm2011/paper/92
C. Romero,http://data.linkededucation.org/resource/lak/conference/edm2010/paper/169
M. Croy,http://data.linkededucation.org/resource/lak/conference/edm2008/paper/212
M. Croy,http://data.linkededucation.org/resource/lak/conference/edm2010/paper/162
M. Croy,http://data.linkededucation.org/resource/lak/conference/edm2011/paper/109
Daniel Roberge,http://data.linkededucation.org/resource/lak/conference/lak2012/paper/42
Joshua D. Baron,http://data.linkededucation.org/resource/lak/conference/lak2012/paper/31
Luis de la Fuente Valentin,http://data.linkededucation.org/resource/lak/conference/lak2012/paper/21
Nadira Saab,http://data.linkededucation.org/resource/lak/conference/edm2011/paper/108
Johan Jeuring,http://data.linkededucation.org/resource/lak/conference/lak2012/paper/4
Dave Barker-plummer,http://data.linkededucation.org/resource/lak/conference/edm2011/paper/89
Dave Barker-plummer,http://data.linkededucation.org/resource/lak/conference/edm2009/paper/196
Dave Barker-plummer,http://data.linkededucation.org/resource/lak/conference/edm2012/paper/3
Brendon Towle,http://data.linkededucation.org/resource/lak/conference/edm2009/paper/190
Brendon Towle,http://data.linkededucation.org/resource/lak/conference/edm2011/paper/66
D. Zielke,http://data.linkededucation.org/resource/lak/conference/edm2011/paper/57
Jana Krivec,http://data.linkededucation.org/resource/lak/conference/edm2010/paper/172
Martin Ebner,http://data.linkededucation.org/resource/lak/conference/lak2012/paper/26
Alvaro Ortigosa,http://data.linkededucation.org/resource/lak/conference/edm2009/paper/201
Alvaro Ortigosa,http://data.linkededucation.org/resource/lak/conference/edm2010/paper/166
Katja Niemann,http://data.linkededucation.org/resource/lak/conference/lak2012/paper/33
Katja Niemann,http://data.linkededucation.org/resource/lak/conference/lak2011/paper/47
Beijie Xu,http://data.linkededucation.org/resource/lak/conference/edm2010/paper/131
Beijie Xu,http://data.linkededucation.org/resource/lak/conference/edm2010/paper/134
Beijie Xu,http://data.linkededucation.org/resource/lak/specialissue/jets12/paper/76
Robert Dale,http://data.linkededucation.org/resource/lak/conference/edm2009/paper/196
Robert Dale,http://data.linkededucation.org/resource/lak/conference/edm2011/paper/89
Robert Dale,http://data.linkededucation.org/resource/lak/conference/edm2012/paper/3
Lorrie Lehman,http://data.linkededucation.org/resource/lak/conference/edm2008/paper/212
Kevin D. Ashley,http://data.linkededucation.org/resource/lak/conference/edm2008/paper/214
Angela Z. Wagner,http://data.linkededucation.org/resource/lak/conference/edm2012/paper/39
Carlos Monzo,http://data.linkededucation.org/resource/lak/conference/lak2012/paper/6
Carlos Monzo,http://data.linkededucation.org/resource/lak/conference/lak2012/paper/17
Vida Groznik,http://data.linkededucation.org/resource/lak/conference/edm2010/paper/172
Jared Tritz,http://data.linkededucation.org/resource/lak/conference/lak2012/paper/22
R. Pedraza-perez,http://data.linkededucation.org/resource/lak/conference/edm2011/paper/60
Issam Rebai,http://data.linkededucation.org/resource/lak/conference/edm2010/paper/114
J. Gobert,http://data.linkededucation.org/resource/lak/conference/edm2010/paper/139
J. Gobert,http://data.linkededucation.org/resource/lak/conference/edm2011/paper/90
J. Gobert,http://data.linkededucation.org/resource/lak/conference/edm2010/paper/168
J. Gobert,http://data.linkededucation.org/resource/lak/conference/edm2010/paper/138
Kathleen Perez-Lopez,http://data.linkededucation.org/resource/lak/conference/lak2012/paper/14
Eun Young Ha,http://data.linkededucation.org/resource/lak/conference/edm2010/paper/120
Brandon White,http://data.linkededucation.org/resource/lak/conference/lak2012/paper/8
Amelia Zafra,http://data.linkededucation.org/resource/lak/conference/edm2009/paper/200
Katrien Verbert,http://data.linkededucation.org/resource/lak/specialissue/jets12/paper/72
Katrien Verbert,http://data.linkededucation.org/resource/lak/conference/lak2011/paper/46
Katrien Verbert,http://data.linkededucation.org/resource/lak/conference/lak2012/paper/28
Philip Pavlik,http://data.linkededucation.org/resource/lak/conference/edm2012/paper/32
Pedro Crespo,http://data.linkededucation.org/resource/lak/conference/edm2012/paper/16
Nikita Romashkin,http://data.linkededucation.org/resource/lak/conference/edm2011/paper/87
Nikita Romashkin,http://data.linkededucation.org/resource/lak/conference/edm2011/paper/104
Elizabeth Ayers,http://data.linkededucation.org/resource/lak/conference/edm2010/paper/152
Elizabeth Ayers,http://data.linkededucation.org/resource/lak/conference/edm2009/paper/183
Elizabeth Ayers,http://data.linkededucation.org/resource/lak/conference/edm2008/paper/216
Elizabeth Ayers,http://data.linkededucation.org/resource/lak/conference/edm2009/paper/187
Jihie Kim,http://data.linkededucation.org/resource/lak/conference/edm2012/paper/28
Ivana Quinto,http://data.linkededucation.org/resource/lak/conference/lak2011/paper/50
Anna De Liddo,http://data.linkededucation.org/resource/lak/conference/lak2011/paper/50
Wu He,http://data.linkededucation.org/resource/lak/specialissue/jets12/paper/71
NO_AUTHORS,http://data.linkededucation.org/resource/lak/conference/lak2011/paper/65
Jaan Ubi,http://data.linkededucation.org/resource/lak/conference/edm2010/paper/137
Amar Balla,http://data.linkededucation.org/resource/lak/conference/edm2010/paper/114
Moses Hall,http://data.linkededucation.org/resource/lak/conference/edm2008/paper/233
Andrew Olney,http://data.linkededucation.org/resource/lak/conference/edm2010/paper/157
Andrew Olney,http://data.linkededucation.org/resource/lak/conference/edm2010/paper/151
Adarsh G V,http://data.linkededucation.org/resource/lak/conference/edm2012/paper/28
Zoran Jeremic,http://data.linkededucation.org/resource/lak/conference/lak2012/paper/3
John C. Stamper,http://data.linkededucation.org/resource/lak/conference/edm2010/paper/133
John C. Stamper,http://data.linkededucation.org/resource/lak/conference/edm2012/paper/43
John C. Stamper,http://data.linkededucation.org/resource/lak/conference/edm2009/paper/181
John C. Stamper,http://data.linkededucation.org/resource/lak/conference/edm2012/paper/34
John C. Stamper,http://data.linkededucation.org/resource/lak/conference/edm2010/paper/162
John C. Stamper,http://data.linkededucation.org/resource/lak/conference/edm2008/paper/212
John C. Stamper,http://data.linkededucation.org/resource/lak/conference/edm2011/paper/56
A. A. Von Davier,http://data.linkededucation.org/resource/lak/conference/edm2011/paper/99
P. S. Inventado,http://data.linkededucation.org/resource/lak/conference/edm2011/paper/102
Blikstein,http://data.linkededucation.org/resource/lak/conference/edm2011/paper/77
S. Lalle,http://data.linkededucation.org/resource/lak/conference/edm2011/paper/88
Nema Dean,http://data.linkededucation.org/resource/lak/conference/edm2009/paper/187
Nema Dean,http://data.linkededucation.org/resource/lak/conference/edm2010/paper/152
Nema Dean,http://data.linkededucation.org/resource/lak/conference/edm2008/paper/216
Nema Dean,http://data.linkededucation.org/resource/lak/conference/edm2009/paper/183
Robert Kraut,http://data.linkededucation.org/resource/lak/conference/edm2010/paper/158
Vasile Rus,http://data.linkededucation.org/resource/lak/conference/edm2009/paper/199
Vasile Rus,http://data.linkededucation.org/resource/lak/conference/edm2012/paper/17
W. Van Den Noortgate,http://data.linkededucation.org/resource/lak/conference/edm2011/paper/72
W. Van Den Noortgate,http://data.linkededucation.org/resource/lak/conference/edm2011/paper/94
Lubomir Popelinsky,http://data.linkededucation.org/resource/lak/conference/edm2012/paper/5
Diane Halpern,http://data.linkededucation.org/resource/lak/conference/edm2012/paper/32
Diane Halpern,http://data.linkededucation.org/resource/lak/conference/edm2010/paper/173
P. Desmet,http://data.linkededucation.org/resource/lak/conference/edm2011/paper/72
P. Desmet,http://data.linkededucation.org/resource/lak/conference/edm2011/paper/94
Kwangsu Cho,http://data.linkededucation.org/resource/lak/conference/edm2008/paper/218
Ari Bader-Natal,http://data.linkededucation.org/resource/lak/conference/lak2011/paper/58
Nobal Niraula,http://data.linkededucation.org/resource/lak/conference/edm2012/paper/17
Minjeong Kim,http://data.linkededucation.org/resource/lak/specialissue/jets12/paper/75
Kar-Hai Chu,http://data.linkededucation.org/resource/lak/conference/lak2012/paper/30
G. Goguadze,http://data.linkededucation.org/resource/lak/conference/edm2011/paper/81
Brian J. McNely,http://data.linkededucation.org/resource/lak/conference/lak2012/paper/12
Ahmad Ammari,http://data.linkededucation.org/resource/lak/conference/lak2012/paper/2
Yanbo Xu,http://data.linkededucation.org/resource/lak/conference/edm2011/paper/82
Yanbo Xu,http://data.linkededucation.org/resource/lak/conference/edm2012/paper/52
Yanbo Xu,http://data.linkededucation.org/resource/lak/conference/edm2011/paper/76
Yanbo Xu,http://data.linkededucation.org/resource/lak/conference/edm2011/paper/53
Anjo Anjewierden,http://data.linkededucation.org/resource/lak/conference/edm2011/paper/108
S. Sosnovsky,http://data.linkededucation.org/resource/lak/conference/edm2011/paper/81
David Wiley,http://data.linkededucation.org/resource/lak/conference/lak2011/paper/59
Simone Braun,http://data.linkededucation.org/resource/lak/conference/lak2012/paper/29
David Nadler Prata,http://data.linkededucation.org/resource/lak/conference/edm2009/paper/189
Tobias Ley,http://data.linkededucation.org/resource/lak/conference/lak2012/paper/16
Younyoung Choi,http://data.linkededucation.org/resource/lak/conference/edm2010/paper/160
Sidney D'mello,http://data.linkededucation.org/resource/lak/conference/edm2010/paper/123
Tiffany Barnes,http://data.linkededucation.org/resource/lak/conference/edm2008/paper/212
Tiffany Barnes,http://data.linkededucation.org/resource/lak/conference/edm2012/paper/24
Tiffany Barnes,http://data.linkededucation.org/resource/lak/conference/edm2010/paper/162
Tiffany Barnes,http://data.linkededucation.org/resource/lak/conference/edm2009/paper/181
Tiffany Barnes,http://data.linkededucation.org/resource/lak/conference/edm2010/paper/175
Tiffany Barnes,http://data.linkededucation.org/resource/lak/conference/edm2011/paper/109
Tiffany Barnes,http://data.linkededucation.org/resource/lak/conference/edm2011/paper/75
Shane Dawson,http://data.linkededucation.org/resource/lak/specialissue/jets12/paper/69
Shane Dawson,http://data.linkededucation.org/resource/lak/conference/lak2011/paper/62
Shane Dawson,http://data.linkededucation.org/resource/lak/conference/lak2011/paper/51
William Galen,http://data.linkededucation.org/resource/lak/conference/edm2012/paper/44
M'hammed Abdous,http://data.linkededucation.org/resource/lak/specialissue/jets12/paper/71
Haiming Liu,http://data.linkededucation.org/resource/lak/conference/lak2012/paper/27
Kaicheng Yang,http://data.linkededucation.org/resource/lak/specialissue/jets12/paper/68
Christin Seifert,http://data.linkededucation.org/resource/lak/conference/lak2012/paper/16
Ilya M. Goldin,http://data.linkededucation.org/resource/lak/conference/edm2012/paper/6
Roberto Martinez Maldonado,http://data.linkededucation.org/resource/lak/conference/edm2011/paper/64
Roberto Martinez Maldonado,http://data.linkededucation.org/resource/lak/conference/edm2012/paper/35
M. Munna,http://data.linkededucation.org/resource/lak/conference/edm2011/paper/82
Brett Leber,http://data.linkededucation.org/resource/lak/conference/edm2008/paper/228
Diederik M. Roijers,http://data.linkededucation.org/resource/lak/conference/lak2012/paper/4
Sharon Slade,http://data.linkededucation.org/resource/lak/conference/lak2012/paper/36
Michal Burda,http://data.linkededucation.org/resource/lak/conference/edm2009/paper/184
M. Ifland,http://data.linkededucation.org/resource/lak/conference/edm2011/paper/111
Emma Brunskill,http://data.linkededucation.org/resource/lak/conference/edm2011/paper/103
Emma Brunskill,http://data.linkededucation.org/resource/lak/conference/edm2012/paper/13
Emma Brunskill,http://data.linkededucation.org/resource/lak/conference/edm2012/paper/21
Emma Brunskill,http://data.linkededucation.org/resource/lak/conference/edm2011/paper/59
Nicolai Manie,http://data.linkededucation.org/resource/lak/conference/edm2012/paper/45
Dmitry Ignatov,http://data.linkededucation.org/resource/lak/conference/edm2011/paper/104
Dmitry Ignatov,http://data.linkededucation.org/resource/lak/conference/edm2011/paper/87
Bao Hong Tan,http://data.linkededucation.org/resource/lak/conference/edm2011/paper/98
Bao Hong Tan,http://data.linkededucation.org/resource/lak/conference/edm2010/paper/140
Philip Parli-Horne,http://data.linkededucation.org/resource/lak/conference/lak2012/paper/12
Victor Miagkikh,http://data.linkededucation.org/resource/lak/conference/lak2011/paper/44
Kate Miller,http://data.linkededucation.org/resource/lak/conference/lak2012/paper/22
Beverly Park Woolf,http://data.linkededucation.org/resource/lak/conference/edm2010/paper/146
Beverly Park Woolf,http://data.linkededucation.org/resource/lak/conference/edm2010/paper/154
Lori Lockyer,http://data.linkededucation.org/resource/lak/conference/lak2011/paper/62
Anna Lea Dyckhoff,http://data.linkededucation.org/resource/lak/specialissue/jets12/paper/73
Whitney Cade,http://data.linkededucation.org/resource/lak/conference/edm2010/paper/151
Whitney Cade,http://data.linkededucation.org/resource/lak/conference/edm2010/paper/157
Peter Brusilovsky,http://data.linkededucation.org/resource/lak/conference/edm2010/paper/118
Carin Neitzel,http://data.linkededucation.org/resource/lak/conference/edm2010/paper/117
Anupriya Gupta,http://data.linkededucation.org/resource/lak/conference/edm2010/paper/155
Cherng-Jyh Yen,http://data.linkededucation.org/resource/lak/specialissue/jets12/paper/71
Benjamin Wolf,http://data.linkededucation.org/resource/lak/conference/edm2010/paper/113
Benjamin Wolf,http://data.linkededucation.org/resource/lak/conference/edm2010/paper/156
Michael Atkisson,http://data.linkededucation.org/resource/lak/conference/lak2011/paper/59
Sicco Verwer,http://data.linkededucation.org/resource/lak/conference/edm2010/paper/121
Rasil Warnakulasooriya,http://data.linkededucation.org/resource/lak/conference/edm2012/paper/44
Tim Krones,http://data.linkededucation.org/resource/lak/conference/lak2012/paper/33
Kyle Cunningham,http://data.linkededucation.org/resource/lak/conference/edm2008/paper/228
Yoav Bergner,http://data.linkededucation.org/resource/lak/conference/edm2012/paper/30
Nell Duke,http://data.linkededucation.org/resource/lak/conference/edm2008/paper/209
Rebecca Ferguson,http://data.linkededucation.org/resource/lak/conference/lak2011/paper/43
Rebecca Ferguson,http://data.linkededucation.org/resource/lak/conference/lak2012/paper/27
Rebecca Ferguson,http://data.linkededucation.org/resource/lak/specialissue/jets12/paper/74
Rebecca Ferguson,http://data.linkededucation.org/resource/lak/conference/lak2012/paper/35
Doug Clow,http://data.linkededucation.org/resource/lak/conference/lak2012/paper/19
Doug Clow,http://data.linkededucation.org/resource/lak/conference/lak2011/paper/55
Christian Schunn,http://data.linkededucation.org/resource/lak/conference/edm2010/paper/141
Ivon Arroyo,http://data.linkededucation.org/resource/lak/conference/edm2010/paper/154
Ivon Arroyo,http://data.linkededucation.org/resource/lak/conference/edm2010/paper/146
F. Lemmerich,http://data.linkededucation.org/resource/lak/conference/edm2011/paper/111
Thomas L. Griffiths,http://data.linkededucation.org/resource/lak/conference/edm2012/paper/41
Yue Gong,http://data.linkededucation.org/resource/lak/conference/edm2009/paper/179
Yue Gong,http://data.linkededucation.org/resource/lak/conference/edm2010/paper/136
Yue Gong,http://data.linkededucation.org/resource/lak/conference/edm2009/paper/205
Yue Gong,http://data.linkededucation.org/resource/lak/conference/edm2011/paper/80
James A. Bernauer,http://data.linkededucation.org/resource/lak/conference/edm2010/paper/142
Jhonny Estrella,http://data.linkededucation.org/resource/lak/conference/edm2010/paper/166
Cesar Hervas,http://data.linkededucation.org/resource/lak/conference/edm2008/paper/236
Cesar Hervas,http://data.linkededucation.org/resource/lak/conference/edm2008/paper/231
Donatella Merlini,http://data.linkededucation.org/resource/lak/conference/edm2012/paper/27
Sherry Hsi,http://data.linkededucation.org/resource/lak/conference/edm2010/paper/134
Junichi Kakegawa,http://data.linkededucation.org/resource/lak/conference/edm2009/paper/203
Jay C. Powell,http://data.linkededucation.org/resource/lak/conference/edm2010/paper/142
Thomas Lotze,http://data.linkededucation.org/resource/lak/conference/lak2011/paper/58
Carlos De Castro,http://data.linkededucation.org/resource/lak/conference/edm2009/paper/191
Jon Dron,http://data.linkededucation.org/resource/lak/conference/lak2012/paper/41
Elizabeth A. Mclaughlin,http://data.linkededucation.org/resource/lak/conference/edm2012/paper/43
Carol Forsyth,http://data.linkededucation.org/resource/lak/conference/edm2012/paper/32
Carol Forsyth,http://data.linkededucation.org/resource/lak/conference/edm2010/paper/173
David G. Cooper,http://data.linkededucation.org/resource/lak/conference/edm2010/paper/154
Matthew D. Pistilli,http://data.linkededucation.org/resource/lak/conference/lak2012/paper/13
Haiyun Bian,http://data.linkededucation.org/resource/lak/conference/edm2010/paper/159
Jose Antonio Moran,http://data.linkededucation.org/resource/lak/conference/lak2012/paper/6
Jose Antonio Moran,http://data.linkededucation.org/resource/lak/conference/lak2012/paper/17
U. Schroeder,http://data.linkededucation.org/resource/lak/conference/edm2011/paper/57
Benjamin Shih,http://data.linkededucation.org/resource/lak/conference/edm2008/paper/221
Benjamin Shih,http://data.linkededucation.org/resource/lak/conference/edm2010/paper/164
N. Trcka,http://data.linkededucation.org/resource/lak/conference/edm2012/paper/51
N. Trcka,http://data.linkededucation.org/resource/lak/conference/edm2009/paper/194
Jean-marc Labat,http://data.linkededucation.org/resource/lak/conference/edm2010/paper/114
Judy Kay,http://data.linkededucation.org/resource/lak/conference/edm2011/paper/64
Judy Kay,http://data.linkededucation.org/resource/lak/conference/edm2012/paper/35
Greg Logan,http://data.linkededucation.org/resource/lak/conference/lak2011/paper/52
Claudia Antunes,http://data.linkededucation.org/resource/lak/conference/edm2011/paper/95
Claudia Antunes,http://data.linkededucation.org/resource/lak/conference/edm2012/paper/16
Claudia Antunes,http://data.linkededucation.org/resource/lak/conference/edm2008/paper/210
S. Isotani,http://data.linkededucation.org/resource/lak/conference/edm2011/paper/81
V. Kisimov,http://data.linkededucation.org/resource/lak/conference/edm2011/paper/106
Pokpong Songmuang,http://data.linkededucation.org/resource/lak/conference/edm2010/paper/147
Roland Hubscher,http://data.linkededucation.org/resource/lak/conference/edm2008/paper/222
Sten Govaerts,http://data.linkededucation.org/resource/lak/conference/lak2012/paper/28
Michel C. Desmarais,http://data.linkededucation.org/resource/lak/conference/edm2011/paper/110
Michel C. Desmarais,http://data.linkededucation.org/resource/lak/conference/edm2008/paper/238
Michel C. Desmarais,http://data.linkededucation.org/resource/lak/conference/edm2010/paper/163
Michel C. Desmarais,http://data.linkededucation.org/resource/lak/conference/edm2012/paper/25
Suchismita Srinivas,http://data.linkededucation.org/resource/lak/conference/edm2010/paper/155
Aatish Salvi,http://data.linkededucation.org/resource/lak/conference/edm2012/paper/39
Eitel J.M. Lauria,http://data.linkededucation.org/resource/lak/conference/lak2012/paper/31
Jon M. Fincham,http://data.linkededucation.org/resource/lak/conference/edm2010/paper/135
Carrie Demmans Epp,http://data.linkededucation.org/resource/lak/conference/lak2011/paper/52
G. Akcaponar,http://data.linkededucation.org/resource/lak/conference/edm2011/paper/55
Steve Ritter,http://data.linkededucation.org/resource/lak/conference/edm2011/paper/56
Steve Ritter,http://data.linkededucation.org/resource/lak/conference/edm2012/paper/34
Steve Ritter,http://data.linkededucation.org/resource/lak/conference/edm2009/paper/190
James C. Lester,http://data.linkededucation.org/resource/lak/conference/edm2010/paper/120
James C. Lester,http://data.linkededucation.org/resource/lak/conference/edm2012/paper/26
E. Cambranes,http://data.linkededucation.org/resource/lak/conference/edm2011/paper/58
Anna Schmidt,http://data.linkededucation.org/resource/lak/conference/lak2012/paper/33
John R. Anderson,http://data.linkededucation.org/resource/lak/conference/edm2010/paper/135
Judi Mccuaig,http://data.linkededucation.org/resource/lak/conference/edm2012/paper/11
Schreurs Bieke,http://data.linkededucation.org/resource/lak/conference/lak2012/paper/7
Ruth Deakin Crick,http://data.linkededucation.org/resource/lak/conference/lak2012/paper/34
Boris Wenzlaff,http://data.linkededucation.org/resource/lak/conference/edm2012/paper/36
Lorenzo Moreno,http://data.linkededucation.org/resource/lak/conference/edm2011/paper/107
Daniel Dickison,http://data.linkededucation.org/resource/lak/conference/edm2009/paper/190
Maria Bielikova,http://data.linkededucation.org/resource/lak/conference/edm2009/paper/208
Nazim Rahman,http://data.linkededucation.org/resource/lak/conference/lak2011/paper/63
Nazim Rahman,http://data.linkededucation.org/resource/lak/conference/lak2012/paper/41
Mike Sharkey,http://data.linkededucation.org/resource/lak/conference/lak2012/paper/18
Mike Sharkey,http://data.linkededucation.org/resource/lak/conference/lak2011/paper/64
Noboru Matsuda,http://data.linkededucation.org/resource/lak/conference/edm2011/paper/65
Adriana M.j.b. De Carvalho,http://data.linkededucation.org/resource/lak/conference/edm2008/paper/237
Adriana M.j.b. De Carvalho,http://data.linkededucation.org/resource/lak/conference/edm2009/paper/189
Yue Cui,http://data.linkededucation.org/resource/lak/conference/edm2009/paper/189
Aneesha Bakharia,http://data.linkededucation.org/resource/lak/conference/lak2011/paper/51
Robert Bramucci,http://data.linkededucation.org/resource/lak/conference/lak2012/paper/20
Samira Sadat Sajadi,http://data.linkededucation.org/resource/lak/conference/lak2012/paper/32
Jonathan Wood,http://data.linkededucation.org/resource/lak/conference/edm2010/paper/173
Carina S. Gonzalez,http://data.linkededucation.org/resource/lak/conference/edm2011/paper/107
Michelle M. Lamar,http://data.linkededucation.org/resource/lak/conference/edm2012/paper/41
Rebecca Barber,http://data.linkededucation.org/resource/lak/conference/lak2012/paper/18
Evandro D.b. Costa,http://data.linkededucation.org/resource/lak/conference/edm2009/paper/189
Zhiqiang Cai,http://data.linkededucation.org/resource/lak/conference/edm2012/paper/32
Zhiqiang Cai,http://data.linkededucation.org/resource/lak/conference/edm2010/paper/173
J. Good,http://data.linkededucation.org/resource/lak/conference/edm2011/paper/58
Ad Feelders,http://data.linkededucation.org/resource/lak/conference/lak2012/paper/4
Ronald Macintyre,http://data.linkededucation.org/resource/lak/conference/lak2012/paper/27
Sabine Graf,http://data.linkededucation.org/resource/lak/conference/lak2011/paper/63
Cindy Ives,http://data.linkededucation.org/resource/lak/conference/lak2011/paper/63
Rajibussalim,http://data.linkededucation.org/resource/lak/conference/edm2010/paper/127
Diego Garcia-saiz,http://data.linkededucation.org/resource/lak/conference/edm2011/paper/93
Diego Garcia-saiz,http://data.linkededucation.org/resource/lak/conference/edm2011/paper/101
Diego Garcia-saiz,http://data.linkededucation.org/resource/lak/conference/edm2012/paper/48
J.m Luna,http://data.linkededucation.org/resource/lak/conference/edm2010/paper/122
J.m Luna,http://data.linkededucation.org/resource/lak/conference/edm2012/paper/4
J.m Luna,http://data.linkededucation.org/resource/lak/conference/edm2012/paper/1
Tim McKay,http://data.linkededucation.org/resource/lak/conference/lak2012/paper/22
Anthony Rojas,http://data.linkededucation.org/resource/lak/conference/lak2012/paper/42
Koichiro Morihiro,http://data.linkededucation.org/resource/lak/conference/edm2009/paper/203
Guenter Beham,http://data.linkededucation.org/resource/lak/conference/lak2012/paper/16
Julie Johnson,http://data.linkededucation.org/resource/lak/conference/edm2010/paper/117
Julie Johnson,http://data.linkededucation.org/resource/lak/conference/edm2010/paper/148
J. Holden Hill,http://data.linkededucation.org/resource/lak/conference/lak2012/paper/12
A. Kharrufa,http://data.linkededucation.org/resource/lak/conference/edm2011/paper/64
Jose Raul Romero,http://data.linkededucation.org/resource/lak/conference/edm2010/paper/122
Carl Gutwin,http://data.linkededucation.org/resource/lak/conference/lak2012/paper/24
Pedro G. Espejo,http://data.linkededucation.org/resource/lak/conference/edm2008/paper/231
John Brecht,http://data.linkededucation.org/resource/lak/conference/lak2012/paper/40
P. Jarusek,http://data.linkededucation.org/resource/lak/conference/edm2011/paper/71
Abelardo Pardo,http://data.linkededucation.org/resource/lak/conference/lak2011/paper/49
Abelardo Pardo,http://data.linkededucation.org/resource/lak/conference/lak2012/paper/21
Weisi Duan,http://data.linkededucation.org/resource/lak/conference/edm2011/paper/67
Yan Ping Xin,http://data.linkededucation.org/resource/lak/conference/edm2009/paper/186
Julia Baldwin,http://data.linkededucation.org/resource/lak/conference/edm2012/paper/11
Collin Lynch,http://data.linkededucation.org/resource/lak/conference/edm2008/paper/214
V.h. Menendez,http://data.linkededucation.org/resource/lak/conference/edm2011/paper/92
Jennifer L. Sabourin,http://data.linkededucation.org/resource/lak/conference/edm2012/paper/26
Simon Buckingham Shum,http://data.linkededucation.org/resource/lak/conference/lak2012/paper/34
Simon Buckingham Shum,http://data.linkededucation.org/resource/lak/conference/lak2011/paper/50
Simon Buckingham Shum,http://data.linkededucation.org/resource/lak/conference/lak2012/paper/35
Simon Buckingham Shum,http://data.linkededucation.org/resource/lak/specialissue/jets12/paper/74
Simon Buckingham Shum,http://data.linkededucation.org/resource/lak/conference/lak2011/paper/43
Michael V. Yudelson,http://data.linkededucation.org/resource/lak/conference/edm2012/paper/13
Michael V. Yudelson,http://data.linkededucation.org/resource/lak/conference/edm2010/paper/118
Michael V. Yudelson,http://data.linkededucation.org/resource/lak/conference/edm2011/paper/70
P. Pavlik Jr,http://data.linkededucation.org/resource/lak/conference/edm2011/paper/70
P. Pavlik Jr,http://data.linkededucation.org/resource/lak/conference/edm2011/paper/56
P. Pavlik Jr,http://data.linkededucation.org/resource/lak/conference/edm2009/paper/177
P. Pavlik Jr,http://data.linkededucation.org/resource/lak/conference/edm2008/paper/219
P. Pavlik Jr,http://data.linkededucation.org/resource/lak/conference/edm2010/paper/153
P. Pavlik Jr,http://data.linkededucation.org/resource/lak/conference/edm2011/paper/84
Matthew W. Johnson,http://data.linkededucation.org/resource/lak/conference/edm2010/paper/175
Matthew W. Johnson,http://data.linkededucation.org/resource/lak/conference/edm2012/paper/24
Matthew W. Johnson,http://data.linkededucation.org/resource/lak/conference/edm2011/paper/75
Zachary A. Pardos,http://data.linkededucation.org/resource/lak/conference/edm2012/paper/47
Zachary A. Pardos,http://data.linkededucation.org/resource/lak/conference/edm2009/paper/192
Zachary A. Pardos,http://data.linkededucation.org/resource/lak/conference/edm2011/paper/62
Zachary A. Pardos,http://data.linkededucation.org/resource/lak/conference/edm2012/paper/19
Zachary A. Pardos,http://data.linkededucation.org/resource/lak/conference/edm2012/paper/2
Zachary A. Pardos,http://data.linkededucation.org/resource/lak/conference/edm2008/paper/234
Zachary A. Pardos,http://data.linkededucation.org/resource/lak/conference/edm2011/paper/97
Zachary A. Pardos,http://data.linkededucation.org/resource/lak/conference/edm2010/paper/150
Ryo Nagata,http://data.linkededucation.org/resource/lak/conference/edm2009/paper/203
C. I. Ezeife,http://data.linkededucation.org/resource/lak/conference/edm2012/paper/10
Kelly Rivers,http://data.linkededucation.org/resource/lak/conference/edm2012/paper/31
Anna Katrina Dominguez,http://data.linkededucation.org/resource/lak/conference/edm2010/paper/126
A. Al-qaraghuli,http://data.linkededucation.org/resource/lak/conference/edm2011/paper/64
Fintan Clear,http://data.linkededucation.org/resource/lak/conference/lak2012/paper/32
Mae-lynn Germany,http://data.linkededucation.org/resource/lak/conference/edm2012/paper/32
Gail W. Kusbit,http://data.linkededucation.org/resource/lak/conference/edm2012/paper/39
Kalina Yacef,http://data.linkededucation.org/resource/lak/conference/edm2008/paper/211
Kalina Yacef,http://data.linkededucation.org/resource/lak/conference/edm2012/paper/35
Kalina Yacef,http://data.linkededucation.org/resource/lak/conference/edm2010/paper/149
Kalina Yacef,http://data.linkededucation.org/resource/lak/conference/edm2010/paper/130
Kalina Yacef,http://data.linkededucation.org/resource/lak/conference/edm2010/paper/126
Kalina Yacef,http://data.linkededucation.org/resource/lak/conference/edm2011/paper/64
Matt Bachmann,http://data.linkededucation.org/resource/lak/conference/edm2010/paper/138
Jessica Kalka,http://data.linkededucation.org/resource/lak/conference/edm2012/paper/39
Saif Rayyan,http://data.linkededucation.org/resource/lak/conference/edm2012/paper/30
Jin Soung Yoo,http://data.linkededucation.org/resource/lak/conference/edm2012/paper/46
Sebastian Schwarzrock,http://data.linkededucation.org/resource/lak/conference/edm2012/paper/36
Pamela Jordan,http://data.linkededucation.org/resource/lak/conference/edm2008/paper/233
Pamela Jordan,http://data.linkededucation.org/resource/lak/conference/edm2011/paper/61
Annalies Vuong,http://data.linkededucation.org/resource/lak/conference/edm2011/paper/66
Dovan Rai,http://data.linkededucation.org/resource/lak/conference/edm2010/paper/161
Dovan Rai,http://data.linkededucation.org/resource/lak/conference/edm2009/paper/179
Dovan Rai,http://data.linkededucation.org/resource/lak/conference/edm2011/paper/85
Dovan Rai,http://data.linkededucation.org/resource/lak/conference/edm2009/paper/205
Kon Shing Kenneth Chung,http://data.linkededucation.org/resource/lak/conference/lak2012/paper/1
Qing Yang Wang,http://data.linkededucation.org/resource/lak/conference/edm2012/paper/2
Jan Geryk,http://data.linkededucation.org/resource/lak/conference/edm2012/paper/5
Joseph E. Beck,http://data.linkededucation.org/resource/lak/conference/edm2010/paper/144
Joseph E. Beck,http://data.linkededucation.org/resource/lak/conference/edm2012/paper/12
Joseph E. Beck,http://data.linkededucation.org/resource/lak/conference/edm2011/paper/85
Joseph E. Beck,http://data.linkededucation.org/resource/lak/conference/edm2010/paper/161
Joseph E. Beck,http://data.linkededucation.org/resource/lak/conference/edm2009/paper/188
Joseph E. Beck,http://data.linkededucation.org/resource/lak/conference/edm2009/paper/205
Joseph E. Beck,http://data.linkededucation.org/resource/lak/conference/edm2009/paper/202
Joseph E. Beck,http://data.linkededucation.org/resource/lak/conference/edm2010/paper/136
Joseph E. Beck,http://data.linkededucation.org/resource/lak/conference/edm2010/paper/138
Joseph E. Beck,http://data.linkededucation.org/resource/lak/conference/edm2008/paper/234
Joseph E. Beck,http://data.linkededucation.org/resource/lak/conference/edm2008/paper/213
Joseph E. Beck,http://data.linkededucation.org/resource/lak/conference/edm2008/paper/225
Joseph E. Beck,http://data.linkededucation.org/resource/lak/conference/edm2011/paper/80
Joseph E. Beck,http://data.linkededucation.org/resource/lak/conference/edm2009/paper/179
Joseph E. Beck,http://data.linkededucation.org/resource/lak/conference/edm2009/paper/206
Marek Hatala,http://data.linkededucation.org/resource/lak/conference/lak2012/paper/3
Julia Minguillon,http://data.linkededucation.org/resource/lak/conference/lak2011/paper/61
Jorge Chue,http://data.linkededucation.org/resource/lak/conference/edm2010/paper/166
J. R. Quevedo,http://data.linkededucation.org/resource/lak/conference/edm2009/paper/204
Jan M. Vleeshouwers,http://data.linkededucation.org/resource/lak/conference/edm2009/paper/195
Elpida Makriyannis,http://data.linkededucation.org/resource/lak/conference/lak2011/paper/55
Aleksandar Giljanovic,http://data.linkededucation.org/resource/lak/conference/lak2012/paper/3
Jung In Lee,http://data.linkededucation.org/resource/lak/conference/edm2012/paper/21
Lisa Rossi,http://data.linkededucation.org/resource/lak/conference/edm2012/paper/39
Hui Soo Chae,http://data.linkededucation.org/resource/lak/conference/edm2010/paper/119
M.e. Prieto-mendez,http://data.linkededucation.org/resource/lak/conference/edm2011/paper/92
Jafar Habibi,http://data.linkededucation.org/resource/lak/conference/edm2010/paper/129
Lanqin Zheng,http://data.linkededucation.org/resource/lak/specialissue/jets12/paper/68
Maomi Ueno,http://data.linkededucation.org/resource/lak/conference/edm2010/paper/147
Eliana Scheihing,http://data.linkededucation.org/resource/lak/conference/edm2012/paper/15
Xiaoxun Sun,http://data.linkededucation.org/resource/lak/conference/edm2012/paper/18
Nobuko Fujita,http://data.linkededucation.org/resource/lak/conference/lak2011/paper/60
Nobuko Fujita,http://data.linkededucation.org/resource/lak/conference/lak2011/paper/57
K. Wauters,http://data.linkededucation.org/resource/lak/conference/edm2011/paper/72
K. Wauters,http://data.linkededucation.org/resource/lak/conference/edm2011/paper/94
Paul Gestwicki,http://data.linkededucation.org/resource/lak/conference/lak2012/paper/12
Ronit Azran,http://data.linkededucation.org/resource/lak/conference/edm2010/paper/165
Reihaneh Rabbany K.,http://data.linkededucation.org/resource/lak/conference/edm2011/paper/91
M. Feng,http://data.linkededucation.org/resource/lak/conference/edm2010/paper/143
M. Feng,http://data.linkededucation.org/resource/lak/conference/edm2011/paper/62
Christopher A. Brooks,http://data.linkededucation.org/resource/lak/conference/lak2012/paper/24
Christopher A. Brooks,http://data.linkededucation.org/resource/lak/conference/lak2011/paper/52
Gord Mccalla,http://data.linkededucation.org/resource/lak/conference/edm2012/paper/29
John S. Kinnebrew,http://data.linkededucation.org/resource/lak/conference/edm2012/paper/20
John S. Kinnebrew,http://data.linkededucation.org/resource/lak/conference/edm2012/paper/22
Gerd Kortemeyer,http://data.linkededucation.org/resource/lak/conference/edm2012/paper/30
R. Legaspi,http://data.linkededucation.org/resource/lak/conference/edm2011/paper/102
A.f. Nwaigwe,http://data.linkededucation.org/resource/lak/conference/edm2011/paper/73
Paulo Blikstein,http://data.linkededucation.org/resource/lak/conference/lak2011/paper/66
Anna N. Rafferty,http://data.linkededucation.org/resource/lak/conference/edm2012/paper/41
E. Cougun,http://data.linkededucation.org/resource/lak/conference/edm2011/paper/55
B. Mostafavi,http://data.linkededucation.org/resource/lak/conference/edm2011/paper/109
Hannie Gijlers,http://data.linkededucation.org/resource/lak/conference/edm2011/paper/108
Adam Nakama,http://data.linkededucation.org/resource/lak/conference/edm2010/paper/139
Adam Nakama,http://data.linkededucation.org/resource/lak/conference/edm2010/paper/168
Sunghwan Mac Kim,http://data.linkededucation.org/resource/lak/conference/edm2010/paper/174
Ivan Bratko,http://data.linkededucation.org/resource/lak/conference/edm2010/paper/172
Leyla Zhuhadar,http://data.linkededucation.org/resource/lak/conference/lak2012/paper/5
Jack Mostow,http://data.linkededucation.org/resource/lak/conference/edm2008/paper/235
Jack Mostow,http://data.linkededucation.org/resource/lak/conference/edm2012/paper/52
Jack Mostow,http://data.linkededucation.org/resource/lak/conference/edm2011/paper/76
Jack Mostow,http://data.linkededucation.org/resource/lak/conference/edm2011/paper/98
Jack Mostow,http://data.linkededucation.org/resource/lak/conference/edm2012/paper/42
Jack Mostow,http://data.linkededucation.org/resource/lak/conference/edm2011/paper/53
Jack Mostow,http://data.linkededucation.org/resource/lak/conference/edm2008/paper/209
Jack Mostow,http://data.linkededucation.org/resource/lak/conference/edm2010/paper/167
Jack Mostow,http://data.linkededucation.org/resource/lak/conference/edm2010/paper/140
Jack Mostow,http://data.linkededucation.org/resource/lak/conference/edm2011/paper/67
Jack Mostow,http://data.linkededucation.org/resource/lak/conference/edm2011/paper/82
Jack Mostow,http://data.linkededucation.org/resource/lak/conference/edm2009/paper/188
Alejandro Villarreal,http://data.linkededucation.org/resource/lak/conference/edm2008/paper/238
Toon Calders,http://data.linkededucation.org/resource/lak/conference/edm2008/paper/229
Steven Lonn,http://data.linkededucation.org/resource/lak/conference/lak2012/paper/11
Devan Rosen,http://data.linkededucation.org/resource/lak/conference/lak2011/paper/53
Devan Rosen,http://data.linkededucation.org/resource/lak/conference/lak2011/paper/44
J. Barracosa,http://data.linkededucation.org/resource/lak/conference/edm2011/paper/95
Sujith M. Gowda,http://data.linkededucation.org/resource/lak/conference/edm2011/paper/97
Sujith M. Gowda,http://data.linkededucation.org/resource/lak/conference/edm2011/paper/100
Sujith M. Gowda,http://data.linkededucation.org/resource/lak/conference/edm2012/paper/39
Sujith M. Gowda,http://data.linkededucation.org/resource/lak/conference/edm2010/paper/128
Sujith M. Gowda,http://data.linkededucation.org/resource/lak/conference/edm2011/paper/96
Manuel A. Perez-quinones,http://data.linkededucation.org/resource/lak/conference/edm2008/paper/230
Uwe Kirschenmann,http://data.linkededucation.org/resource/lak/conference/lak2012/paper/33
Antonija Mitrovic,http://data.linkededucation.org/resource/lak/conference/edm2010/paper/118
David Garcia-Solorzano,http://data.linkededucation.org/resource/lak/conference/lak2012/paper/6
David Garcia-Solorzano,http://data.linkededucation.org/resource/lak/conference/lak2012/paper/17
P. De Bra,http://data.linkededucation.org/resource/lak/conference/edm2009/paper/194
P. De Bra,http://data.linkededucation.org/resource/lak/conference/edm2012/paper/51
P. De Bra,http://data.linkededucation.org/resource/lak/conference/edm2008/paper/229
P. De Bra,http://data.linkededucation.org/resource/lak/conference/edm2010/paper/121
Fenella Galpin,http://data.linkededucation.org/resource/lak/conference/lak2012/paper/36
Sharon Hardof-jaffe,http://data.linkededucation.org/resource/lak/conference/edm2010/paper/165
Sharon Hardof-jaffe,http://data.linkededucation.org/resource/lak/conference/edm2009/paper/198
Gautam Biswas,http://data.linkededucation.org/resource/lak/conference/edm2012/paper/20
Gautam Biswas,http://data.linkededucation.org/resource/lak/conference/edm2008/paper/226
Gautam Biswas,http://data.linkededucation.org/resource/lak/conference/edm2012/paper/22
Gautam Biswas,http://data.linkededucation.org/resource/lak/conference/edm2010/paper/148
Ankit Ranka,http://data.linkededucation.org/resource/lak/conference/edm2010/paper/119
Ofer Bergman,http://data.linkededucation.org/resource/lak/conference/edm2009/paper/198
Neil T. Heffernan,http://data.linkededucation.org/resource/lak/conference/edm2009/paper/192
Neil T. Heffernan,http://data.linkededucation.org/resource/lak/conference/edm2008/paper/225
Neil T. Heffernan,http://data.linkededucation.org/resource/lak/conference/edm2011/paper/97
Neil T. Heffernan,http://data.linkededucation.org/resource/lak/conference/edm2010/paper/150
Neil T. Heffernan,http://data.linkededucation.org/resource/lak/conference/edm2008/paper/213
Neil T. Heffernan,http://data.linkededucation.org/resource/lak/conference/edm2010/paper/144
Neil T. Heffernan,http://data.linkededucation.org/resource/lak/conference/edm2012/paper/40
Neil T. Heffernan,http://data.linkededucation.org/resource/lak/conference/edm2008/paper/234
Neil T. Heffernan,http://data.linkededucation.org/resource/lak/conference/edm2012/paper/47
Neil T. Heffernan,http://data.linkededucation.org/resource/lak/conference/edm2010/paper/143
Neil T. Heffernan,http://data.linkededucation.org/resource/lak/conference/edm2010/paper/116
Neil T. Heffernan,http://data.linkededucation.org/resource/lak/conference/edm2009/paper/202
Neil T. Heffernan,http://data.linkededucation.org/resource/lak/conference/edm2009/paper/205
Neil T. Heffernan,http://data.linkededucation.org/resource/lak/conference/edm2010/paper/136
Neil T. Heffernan,http://data.linkededucation.org/resource/lak/conference/edm2011/paper/105
Neil T. Heffernan,http://data.linkededucation.org/resource/lak/conference/edm2011/paper/62
Larry Howard,http://data.linkededucation.org/resource/lak/conference/edm2010/paper/117
Larry Howard,http://data.linkededucation.org/resource/lak/conference/edm2010/paper/148
Rong Yang,http://data.linkededucation.org/resource/lak/conference/lak2012/paper/5
Hitoshi  Inoue,http://data.linkededucation.org/resource/lak/conference/edm2011/paper/86
Michael D. Wallis,http://data.linkededucation.org/resource/lak/conference/edm2010/paper/120
Ronghuai Huang,http://data.linkededucation.org/resource/lak/specialissue/jets12/paper/68
Irena Koprinska,http://data.linkededucation.org/resource/lak/conference/edm2011/paper/63
Faisal Anwar,http://data.linkededucation.org/resource/lak/conference/edm2010/paper/119
Shauna J. Sweet,http://data.linkededucation.org/resource/lak/conference/edm2010/paper/160
Andre Kruger,http://data.linkededucation.org/resource/lak/conference/edm2010/paper/156
Andre Kruger,http://data.linkededucation.org/resource/lak/conference/edm2010/paper/113
Josep Grau-Valldosera,http://data.linkededucation.org/resource/lak/conference/lak2011/paper/61
Martina A. Rau,http://data.linkededucation.org/resource/lak/conference/edm2012/paper/19
Martina A. Rau,http://data.linkededucation.org/resource/lak/conference/edm2012/paper/33
Richard Cox,http://data.linkededucation.org/resource/lak/conference/edm2011/paper/89
Richard Cox,http://data.linkededucation.org/resource/lak/conference/edm2012/paper/3
Richard Cox,http://data.linkededucation.org/resource/lak/conference/edm2009/paper/196
Hanan Ayad,http://data.linkededucation.org/resource/lak/conference/lak2012/paper/39
Antonio R. Anaya,http://data.linkededucation.org/resource/lak/conference/edm2011/paper/69
Antonio R. Anaya,http://data.linkededucation.org/resource/lak/conference/edm2009/paper/185
Susan Bull,http://data.linkededucation.org/resource/lak/conference/lak2011/paper/60
Osmar Zaiane,http://data.linkededucation.org/resource/lak/conference/edm2011/paper/91
Osmar Zaiane,http://data.linkededucation.org/resource/lak/conference/edm2012/paper/50
Wenting Xiong,http://data.linkededucation.org/resource/lak/conference/edm2010/paper/141
Christina Trotochaud,http://data.linkededucation.org/resource/lak/conference/edm2008/paper/209
De Laat Maarten,http://data.linkededucation.org/resource/lak/conference/lak2012/paper/7
Tanja Mitrovic,http://data.linkededucation.org/resource/lak/conference/edm2008/paper/227
Walter Christian Paredes,http://data.linkededucation.org/resource/lak/conference/lak2012/paper/1
Dan Suthers,http://data.linkededucation.org/resource/lak/conference/lak2011/paper/44
Dan Suthers,http://data.linkededucation.org/resource/lak/conference/lak2011/paper/53
Dan Suthers,http://data.linkededucation.org/resource/lak/conference/lak2012/paper/30
Leah P. Macfadyen,http://data.linkededucation.org/resource/lak/specialissue/jets12/paper/69
Leah P. Macfadyen,http://data.linkededucation.org/resource/lak/conference/edm2010/paper/176
Alida Skogsholm,http://data.linkededucation.org/resource/lak/conference/edm2008/paper/228
Hana Bydzovska,http://data.linkededucation.org/resource/lak/conference/edm2012/paper/5
M. Suarez,http://data.linkededucation.org/resource/lak/conference/edm2011/paper/102
D. Kabakchieva,http://data.linkededucation.org/resource/lak/conference/edm2011/paper/106
Renza Campagni,http://data.linkededucation.org/resource/lak/conference/edm2012/paper/27
Takahiro Sumiya,http://data.linkededucation.org/resource/lak/conference/edm2011/paper/86
Tomas Obsivac,http://data.linkededucation.org/resource/lak/conference/edm2012/paper/5
Wolfgang Greller,http://data.linkededucation.org/resource/lak/conference/lak2012/paper/10
Wolfgang Greller,http://data.linkededucation.org/resource/lak/specialissue/jets12/paper/67
Ivan Shamshurin,http://data.linkededucation.org/resource/lak/conference/edm2011/paper/104
J. Zimmermann,http://data.linkededucation.org/resource/lak/conference/edm2011/paper/112
Safia Abbas,http://data.linkededucation.org/resource/lak/conference/edm2008/paper/215
Safia Abbas,http://data.linkededucation.org/resource/lak/conference/edm2009/paper/207
Alejandra Jayme,http://data.linkededucation.org/resource/lak/conference/edm2012/paper/7
A.l. Dyckhoff,http://data.linkededucation.org/resource/lak/conference/edm2011/paper/57
Yutao Wang,http://data.linkededucation.org/resource/lak/conference/edm2012/paper/12
Yutao Wang,http://data.linkededucation.org/resource/lak/conference/edm2012/paper/40
Yutao Wang,http://data.linkededucation.org/resource/lak/conference/edm2011/paper/105
Yutao Wang,http://data.linkededucation.org/resource/lak/conference/edm2010/paper/144
C. Conati,http://data.linkededucation.org/resource/lak/conference/edm2011/paper/79
Nikola Milikic,http://data.linkededucation.org/resource/lak/conference/lak2012/paper/3
Shawn Betts,http://data.linkededucation.org/resource/lak/conference/edm2010/paper/135
Joseph Valeri,http://data.linkededucation.org/resource/lak/conference/edm2008/paper/209
Robert De Hoog,http://data.linkededucation.org/resource/lak/conference/edm2011/paper/108
Cecily Heiner,http://data.linkededucation.org/resource/lak/conference/edm2009/paper/178
Cecily Heiner,http://data.linkededucation.org/resource/lak/conference/edm2008/paper/217
Xiaonan Zhang,http://data.linkededucation.org/resource/lak/conference/edm2008/paper/235
Xiaonan Zhang,http://data.linkededucation.org/resource/lak/conference/edm2008/paper/209
Denis Smolin,http://data.linkededucation.org/resource/lak/conference/lak2012/paper/15
Elena Kolotova,http://data.linkededucation.org/resource/lak/conference/edm2011/paper/87
Moon-heum Cho,http://data.linkededucation.org/resource/lak/conference/edm2012/paper/46
Stuart Johnson,http://data.linkededucation.org/resource/lak/conference/edm2012/paper/50
Albrecht Fortenbacher,http://data.linkededucation.org/resource/lak/conference/edm2012/paper/36
Hisham Petry,http://data.linkededucation.org/resource/lak/conference/edm2008/paper/220
John Champaign,http://data.linkededucation.org/resource/lak/conference/edm2010/paper/124
John Champaign,http://data.linkededucation.org/resource/lak/conference/edm2010/paper/145
George Siemens,http://data.linkededucation.org/resource/lak/conference/lak2012/paper/9
Gabor N. Sarkozy,http://data.linkededucation.org/resource/lak/conference/edm2012/paper/47
Rafal Kocielnik,http://data.linkededucation.org/resource/lak/conference/edm2012/paper/14
Erik Duval,http://data.linkededucation.org/resource/lak/conference/lak2011/paper/46
Erik Duval,http://data.linkededucation.org/resource/lak/conference/lak2012/paper/28
Erik Duval,http://data.linkededucation.org/resource/lak/specialissue/jets12/paper/72
Hama Abu-kishk,http://data.linkededucation.org/resource/lak/conference/edm2009/paper/198
John McAuley,http://data.linkededucation.org/resource/lak/conference/lak2012/paper/23
Hema Soundranayagam,http://data.linkededucation.org/resource/lak/conference/edm2010/paper/130
Fazel Keshtkar,http://data.linkededucation.org/resource/lak/conference/edm2012/paper/23
Margarita Elkina,http://data.linkededucation.org/resource/lak/conference/edm2012/paper/36
Worsley,http://data.linkededucation.org/resource/lak/conference/edm2011/paper/77
Yu-Chang Hsu,http://data.linkededucation.org/resource/lak/specialissue/jets12/paper/70
Michelle Bachler,http://data.linkededucation.org/resource/lak/conference/lak2011/paper/50
Carolina Aros,http://data.linkededucation.org/resource/lak/conference/edm2012/paper/15
Erin Shaw,http://data.linkededucation.org/resource/lak/conference/edm2012/paper/28
Daniel Seaton,http://data.linkededucation.org/resource/lak/conference/edm2012/paper/30
Christine Garrard,http://data.linkededucation.org/resource/lak/conference/edm2010/paper/134
Turadg Aleahmad,http://data.linkededucation.org/resource/lak/conference/edm2010/paper/158
Melody Siadaty,http://data.linkededucation.org/resource/lak/conference/lak2012/paper/3
Manolis Mavrikis,http://data.linkededucation.org/resource/lak/conference/edm2008/paper/232
Ulrik Schroeder,http://data.linkededucation.org/resource/lak/specialissue/jets12/paper/73
M.i. Lopez,http://data.linkededucation.org/resource/lak/conference/edm2012/paper/1
Jose Luis Santos,http://data.linkededucation.org/resource/lak/conference/lak2012/paper/28
Robin Cohen,http://data.linkededucation.org/resource/lak/conference/edm2010/paper/124
Robin Cohen,http://data.linkededucation.org/resource/lak/conference/edm2010/paper/145
Peter Sorenson,http://data.linkededucation.org/resource/lak/conference/edm2010/paper/176
Louis M. Gomez,http://data.linkededucation.org/resource/lak/conference/edm2008/paper/220
Innar Liiv,http://data.linkededucation.org/resource/lak/conference/edm2010/paper/137
Wayne H. Ward,http://data.linkededucation.org/resource/lak/conference/edm2010/paper/171
Irwin DeVries,http://data.linkededucation.org/resource/lak/conference/lak2011/paper/54
Joseph L. Zachary,http://data.linkededucation.org/resource/lak/conference/edm2009/paper/178
Nadia Hegazy,http://data.linkededucation.org/resource/lak/conference/edm2010/paper/115
Arthur C. Graesser,http://data.linkededucation.org/resource/lak/conference/edm2010/paper/173
Arthur C. Graesser,http://data.linkededucation.org/resource/lak/conference/edm2012/paper/32
Arthur C. Graesser,http://data.linkededucation.org/resource/lak/conference/edm2012/paper/23
Arthur C. Graesser,http://data.linkededucation.org/resource/lak/conference/edm2012/paper/17
Arthur C. Graesser,http://data.linkededucation.org/resource/lak/conference/edm2010/paper/123
Kristy Elizabeth Boyer,http://data.linkededucation.org/resource/lak/conference/edm2010/paper/120
Aleksandra Tesanovic,http://data.linkededucation.org/resource/lak/conference/edm2010/paper/121
Matej Guid,http://data.linkededucation.org/resource/lak/conference/edm2010/paper/172
Lorella Cannavacciuolo,http://data.linkededucation.org/resource/lak/conference/lak2011/paper/50
Leonard Kappe,http://data.linkededucation.org/resource/lak/conference/edm2012/paper/36
Mohammad Hassan Falakmasir,http://data.linkededucation.org/resource/lak/conference/edm2010/paper/129
Agathe Merceron,http://data.linkededucation.org/resource/lak/conference/edm2008/paper/211
Agathe Merceron,http://data.linkededucation.org/resource/lak/conference/lak2012/paper/25
Agathe Merceron,http://data.linkededucation.org/resource/lak/conference/edm2011/paper/54
Agathe Merceron,http://data.linkededucation.org/resource/lak/conference/edm2010/paper/113
Agathe Merceron,http://data.linkededucation.org/resource/lak/conference/edm2012/paper/36
Agathe Merceron,http://data.linkededucation.org/resource/lak/conference/edm2010/paper/156
Orlando Montalvo,http://data.linkededucation.org/resource/lak/conference/edm2010/paper/139
Orlando Montalvo,http://data.linkededucation.org/resource/lak/conference/edm2010/paper/168
Nikos Palavitsinis,http://data.linkededucation.org/resource/lak/conference/lak2011/paper/48
Jaroslav Bayer,http://data.linkededucation.org/resource/lak/conference/edm2012/paper/5
Roman Estevez,http://data.linkededucation.org/resource/lak/conference/edm2011/paper/107
Natalia Sidorova,http://data.linkededucation.org/resource/lak/conference/edm2012/paper/14
Georg Kothmeier,http://data.linkededucation.org/resource/lak/conference/lak2012/paper/26
Derek Lomas,http://data.linkededucation.org/resource/lak/conference/edm2012/paper/34
Alfredo Barrientos,http://data.linkededucation.org/resource/lak/conference/edm2010/paper/166
Renzo Sprugnoli,http://data.linkededucation.org/resource/lak/conference/edm2012/paper/27
Bjorn Levi Gunnarsson,http://data.linkededucation.org/resource/lak/conference/lak2012/paper/37
R. Benjamin Shapiro,http://data.linkededucation.org/resource/lak/conference/edm2008/paper/220
Maren Scheffel,http://data.linkededucation.org/resource/lak/conference/lak2011/paper/47
Vilaythong Southavilay,http://data.linkededucation.org/resource/lak/conference/edm2010/paper/149
Steven Tanimoto,http://data.linkededucation.org/resource/lak/conference/edm2009/paper/193
David E. Pritchard,http://data.linkededucation.org/resource/lak/conference/edm2012/paper/30
Miguel Gea,http://data.linkededucation.org/resource/lak/conference/edm2009/paper/191
Jesus G. Boticario,http://data.linkededucation.org/resource/lak/conference/edm2009/paper/185
Jesus G. Boticario,http://data.linkededucation.org/resource/lak/conference/edm2011/paper/69
Arnon Hershkovitz,http://data.linkededucation.org/resource/lak/conference/edm2009/paper/198
Arnon Hershkovitz,http://data.linkededucation.org/resource/lak/conference/edm2011/paper/90
Arnon Hershkovitz,http://data.linkededucation.org/resource/lak/conference/edm2010/paper/125
Arnon Hershkovitz,http://data.linkededucation.org/resource/lak/conference/edm2008/paper/223
Arnon Hershkovitz,http://data.linkededucation.org/resource/lak/conference/edm2010/paper/165
Arnon Hershkovitz,http://data.linkededucation.org/resource/lak/conference/edm2009/paper/182
Stefanie N. Lindstaedt,http://data.linkededucation.org/resource/lak/conference/lak2012/paper/16
Vincent Aleven,http://data.linkededucation.org/resource/lak/conference/edm2012/paper/39
Vincent Aleven,http://data.linkededucation.org/resource/lak/conference/edm2010/paper/158
Vincent Aleven,http://data.linkededucation.org/resource/lak/conference/edm2008/paper/239
Vincent Aleven,http://data.linkededucation.org/resource/lak/conference/edm2008/paper/214
Vincent Aleven,http://data.linkededucation.org/resource/lak/conference/edm2012/paper/6
Erika Johnson,http://data.linkededucation.org/resource/lak/conference/lak2012/paper/12
Sandeep M. Jayaprakash,http://data.linkededucation.org/resource/lak/conference/lak2012/paper/31
E. Montanes,http://data.linkededucation.org/resource/lak/conference/edm2009/paper/204
Alexandru Surpatean,http://data.linkededucation.org/resource/lak/conference/edm2012/paper/45
Ildiko Pelczer,http://data.linkededucation.org/resource/lak/conference/edm2010/paper/163
V. Luengo,http://data.linkededucation.org/resource/lak/conference/edm2011/paper/88
Barbara Kump,http://data.linkededucation.org/resource/lak/conference/lak2012/paper/16
William W. Cohen,http://data.linkededucation.org/resource/lak/conference/edm2011/paper/65
Marie Bienkowski,http://data.linkededucation.org/resource/lak/conference/lak2012/paper/40
Mohamed Amine Chatti,http://data.linkededucation.org/resource/lak/specialissue/jets12/paper/73
Ekaterina Vasilyeva,http://data.linkededucation.org/resource/lak/conference/edm2008/paper/229
Ekaterina Vasilyeva,http://data.linkededucation.org/resource/lak/conference/edm2010/paper/121
Ekaterina Vasilyeva,http://data.linkededucation.org/resource/lak/conference/edm2010/paper/169
Ekaterina Vasilyeva,http://data.linkededucation.org/resource/lak/conference/edm2009/paper/194
Mallika Devireddy,http://data.linkededucation.org/resource/lak/conference/lak2012/paper/31
Jose L. Balcazar,http://data.linkededucation.org/resource/lak/conference/edm2011/paper/101
Michael Bain,http://data.linkededucation.org/resource/lak/conference/edm2009/paper/197
Andreas Pursian,http://data.linkededucation.org/resource/lak/conference/edm2012/paper/36
Nan Li,http://data.linkededucation.org/resource/lak/conference/edm2011/paper/65
Stephen H. Edwards,http://data.linkededucation.org/resource/lak/conference/edm2008/paper/230
Danielle S. Mcnamara,http://data.linkededucation.org/resource/lak/conference/edm2012/paper/38
R. Charles Murray,http://data.linkededucation.org/resource/lak/conference/edm2009/paper/190
Dror Ben-naim,http://data.linkededucation.org/resource/lak/conference/edm2009/paper/197
Thomas T. Dy,http://data.linkededucation.org/resource/lak/conference/edm2012/paper/7
Darren Cambridge,http://data.linkededucation.org/resource/lak/conference/lak2012/paper/14
Javier Bravo,http://data.linkededucation.org/resource/lak/conference/edm2009/paper/201
Alexander O'Connor,http://data.linkededucation.org/resource/lak/conference/lak2012/paper/23
Eugenia Santamaria,http://data.linkededucation.org/resource/lak/conference/lak2012/paper/6
Eugenia Santamaria,http://data.linkededucation.org/resource/lak/conference/lak2012/paper/17
Wil Van Der Aalst,http://data.linkededucation.org/resource/lak/conference/edm2009/paper/194
Cesar Vialardi,http://data.linkededucation.org/resource/lak/conference/edm2010/paper/166
Richard Scheines,http://data.linkededucation.org/resource/lak/conference/edm2012/paper/33
Richard Scheines,http://data.linkededucation.org/resource/lak/conference/edm2008/paper/221
Richard Scheines,http://data.linkededucation.org/resource/lak/conference/edm2010/paper/164
Carolina Ruiz,http://data.linkededucation.org/resource/lak/conference/edm2008/paper/234
Hao Xu,http://data.linkededucation.org/resource/lak/conference/edm2012/paper/28
Heather Butler,http://data.linkededucation.org/resource/lak/conference/edm2010/paper/173
Heather Butler,http://data.linkededucation.org/resource/lak/conference/edm2012/paper/32
Mihai Lintean,http://data.linkededucation.org/resource/lak/conference/edm2009/paper/199
Enrique Garcia,http://data.linkededucation.org/resource/lak/conference/edm2009/paper/191
Geoff Gordon,http://data.linkededucation.org/resource/lak/conference/edm2011/paper/61
S. Kardan,http://data.linkededucation.org/resource/lak/conference/edm2011/paper/79
Jui-Long Hung,http://data.linkededucation.org/resource/lak/specialissue/jets12/paper/70
M.a. Chatti,http://data.linkededucation.org/resource/lak/conference/edm2011/paper/57
Evgeny Knutov,http://data.linkededucation.org/resource/lak/conference/edm2010/paper/121
J.-p. Pellet,http://data.linkededucation.org/resource/lak/conference/edm2011/paper/112
German Cobo,http://data.linkededucation.org/resource/lak/conference/lak2012/paper/17
German Cobo,http://data.linkededucation.org/resource/lak/conference/lak2012/paper/6
Ryan S.j.d. Baker,http://data.linkededucation.org/resource/lak/conference/edm2008/paper/239
Ryan S.j.d. Baker,http://data.linkededucation.org/resource/lak/conference/edm2011/paper/96
Ryan S.j.d. Baker,http://data.linkededucation.org/resource/lak/conference/edm2012/paper/39
Ryan S.j.d. Baker,http://data.linkededucation.org/resource/lak/conference/edm2011/paper/90
Ryan S.j.d. Baker,http://data.linkededucation.org/resource/lak/conference/edm2009/paper/189
Ryan S.j.d. Baker,http://data.linkededucation.org/resource/lak/conference/lak2012/paper/9
Ryan S.j.d. Baker,http://data.linkededucation.org/resource/lak/conference/lak2012/paper/42
Ryan S.j.d. Baker,http://data.linkededucation.org/resource/lak/conference/edm2011/paper/97
Ryan S.j.d. Baker,http://data.linkededucation.org/resource/lak/conference/edm2008/paper/237
Ryan S.j.d. Baker,http://data.linkededucation.org/resource/lak/conference/edm2010/paper/128
Ryan S.j.d. Baker,http://data.linkededucation.org/resource/lak/conference/edm2010/paper/139
Ryan S.j.d. Baker,http://data.linkededucation.org/resource/lak/conference/edm2010/paper/116
Ryan S.j.d. Baker,http://data.linkededucation.org/resource/lak/conference/edm2010/paper/168
Ryan S.j.d. Baker,http://data.linkededucation.org/resource/lak/conference/edm2009/paper/180
Ryan S.j.d. Baker,http://data.linkededucation.org/resource/lak/conference/edm2012/paper/7
Ryan S.j.d. Baker,http://data.linkededucation.org/resource/lak/conference/edm2011/paper/100
Ryan S.J.d. Baker,http://data.linkededucation.org/resource/lak/conference/edm2008/paper/239
Ryan S.J.d. Baker,http://data.linkededucation.org/resource/lak/conference/edm2011/paper/96
Ryan S.J.d. Baker,http://data.linkededucation.org/resource/lak/conference/edm2012/paper/39
Ryan S.J.d. Baker,http://data.linkededucation.org/resource/lak/conference/edm2011/paper/90
Ryan S.J.d. Baker,http://data.linkededucation.org/resource/lak/conference/edm2009/paper/189
Ryan S.J.d. Baker,http://data.linkededucation.org/resource/lak/conference/lak2012/paper/9
Ryan S.J.d. Baker,http://data.linkededucation.org/resource/lak/conference/lak2012/paper/42
Ryan S.J.d. Baker,http://data.linkededucation.org/resource/lak/conference/edm2011/paper/97
Ryan S.J.d. Baker,http://data.linkededucation.org/resource/lak/conference/edm2008/paper/237
Ryan S.J.d. Baker,http://data.linkededucation.org/resource/lak/conference/edm2010/paper/128
Ryan S.J.d. Baker,http://data.linkededucation.org/resource/lak/conference/edm2010/paper/139
Ryan S.J.d. Baker,http://data.linkededucation.org/resource/lak/conference/edm2010/paper/116
Ryan S.J.d. Baker,http://data.linkededucation.org/resource/lak/conference/edm2010/paper/168
Ryan S.J.d. Baker,http://data.linkededucation.org/resource/lak/conference/edm2009/paper/180
Ryan S.J.d. Baker,http://data.linkededucation.org/resource/lak/conference/edm2012/paper/7
Ryan S.J.d. Baker,http://data.linkededucation.org/resource/lak/conference/edm2011/paper/100
Hans-Christian Schmitz,http://data.linkededucation.org/resource/lak/conference/lak2012/paper/33
Hans-Christian Schmitz,http://data.linkededucation.org/resource/lak/conference/lak2011/paper/47
Terry Peckham,http://data.linkededucation.org/resource/lak/conference/edm2012/paper/29
Jonathan Steinhart,http://data.linkededucation.org/resource/lak/conference/edm2012/paper/34
Jonathan Steinhart,http://data.linkededucation.org/resource/lak/conference/edm2011/paper/83
F. Puppe,http://data.linkededucation.org/resource/lak/conference/edm2011/paper/111
Nabila Khodeir,http://data.linkededucation.org/resource/lak/conference/edm2010/paper/115
Anthony Allevato,http://data.linkededucation.org/resource/lak/conference/edm2008/paper/230
Sergio Gutierrez,http://data.linkededucation.org/resource/lak/conference/edm2008/paper/224
Albert T. Corbett,http://data.linkededucation.org/resource/lak/conference/edm2008/paper/239
Albert T. Corbett,http://data.linkededucation.org/resource/lak/conference/edm2008/paper/209
Albert T. Corbett,http://data.linkededucation.org/resource/lak/conference/edm2011/paper/100
Martin Mozina,http://data.linkededucation.org/resource/lak/conference/edm2010/paper/172
Evgueni Smirnov,http://data.linkededucation.org/resource/lak/conference/edm2012/paper/45
Lukas Zoubek,http://data.linkededucation.org/resource/lak/conference/edm2009/paper/184
Daniel Victoria,http://data.linkededucation.org/resource/lak/conference/edm2010/paper/166
Tamara Sumner,http://data.linkededucation.org/resource/lak/conference/edm2010/paper/170
Tamara Sumner,http://data.linkededucation.org/resource/lak/conference/edm2010/paper/132
Andre A. Rupp,http://data.linkededucation.org/resource/lak/conference/edm2010/paper/160
Jim Gaston,http://data.linkededucation.org/resource/lak/conference/lak2012/paper/20
Griff Richards,http://data.linkededucation.org/resource/lak/conference/lak2011/paper/54
Michael John Eagle,http://data.linkededucation.org/resource/lak/conference/edm2012/paper/24
Michael John Eagle,http://data.linkededucation.org/resource/lak/conference/edm2011/paper/75
Tara M. Madhyastha,http://data.linkededucation.org/resource/lak/conference/edm2009/paper/193
Ravi Vatrapu,http://data.linkededucation.org/resource/lak/conference/lak2011/paper/57
Ravi Vatrapu,http://data.linkededucation.org/resource/lak/conference/lak2011/paper/60
Ravi Vatrapu,http://data.linkededucation.org/resource/lak/conference/lak2011/paper/56
Dragan Gasevic,http://data.linkededucation.org/resource/lak/conference/lak2012/paper/3
Lars Muller,http://data.linkededucation.org/resource/lak/conference/lak2012/paper/29
Keigo Takeda,http://data.linkededucation.org/resource/lak/conference/edm2009/paper/203
Michel Gagnon,http://data.linkededucation.org/resource/lak/conference/edm2008/paper/238
Bruce M. Mclaren,http://data.linkededucation.org/resource/lak/conference/edm2012/paper/7
Bruce M. Mclaren,http://data.linkededucation.org/resource/lak/conference/edm2011/paper/81
Pedro A. Toledo,http://data.linkededucation.org/resource/lak/conference/edm2012/paper/51
Andrew E. Krumm,http://data.linkededucation.org/resource/lak/conference/lak2012/paper/11
Bradford W. Mott,http://data.linkededucation.org/resource/lak/conference/edm2012/paper/26
Veronica Rivera-Pelayo,http://data.linkededucation.org/resource/lak/conference/lak2012/paper/29
R. Pelanek,http://data.linkededucation.org/resource/lak/conference/edm2011/paper/71
Javier Melenchon,http://data.linkededucation.org/resource/lak/conference/lak2012/paper/6
Javier Melenchon,http://data.linkededucation.org/resource/lak/conference/lak2012/paper/17
Nikos Manouselis,http://data.linkededucation.org/resource/lak/conference/lak2011/paper/46
Nikos Manouselis,http://data.linkededucation.org/resource/lak/conference/lak2011/paper/48
Nikos Manouselis,http://data.linkededucation.org/resource/lak/specialissue/jets12/paper/72
Robert Phillips,http://data.linkededucation.org/resource/lak/conference/edm2010/paper/120
Mimi M. Recker,http://data.linkededucation.org/resource/lak/specialissue/jets12/paper/76
Mimi M. Recker,http://data.linkededucation.org/resource/lak/conference/edm2010/paper/131
Mimi M. Recker,http://data.linkededucation.org/resource/lak/conference/edm2010/paper/134
Jim Greer,http://data.linkededucation.org/resource/lak/conference/lak2012/paper/24
Jim Greer,http://data.linkededucation.org/resource/lak/conference/lak2011/paper/52
Adam B. Goldstein,http://data.linkededucation.org/resource/lak/conference/edm2010/paper/116
E. August,http://data.linkededucation.org/resource/lak/conference/edm2011/paper/112
John Behrens,http://data.linkededucation.org/resource/lak/conference/edm2012/paper/37
Sarel Vanvuuren,http://data.linkededucation.org/resource/lak/conference/edm2010/paper/171
Jim Klo,http://data.linkededucation.org/resource/lak/conference/lak2012/paper/40
Jelena Jovanovic,http://data.linkededucation.org/resource/lak/conference/lak2012/paper/3
C. Heffernan,http://data.linkededucation.org/resource/lak/conference/edm2011/paper/62
S. Ventura,http://data.linkededucation.org/resource/lak/conference/edm2008/paper/231
S. Ventura,http://data.linkededucation.org/resource/lak/conference/edm2012/paper/4
S. Ventura,http://data.linkededucation.org/resource/lak/conference/edm2010/paper/169
S. Ventura,http://data.linkededucation.org/resource/lak/conference/edm2010/paper/122
S. Ventura,http://data.linkededucation.org/resource/lak/conference/edm2012/paper/1
S. Ventura,http://data.linkededucation.org/resource/lak/conference/edm2008/paper/236
S. Ventura,http://data.linkededucation.org/resource/lak/conference/edm2008/paper/224
S. Ventura,http://data.linkededucation.org/resource/lak/conference/edm2009/paper/191
S. Ventura,http://data.linkededucation.org/resource/lak/conference/edm2011/paper/78
S. Ventura,http://data.linkededucation.org/resource/lak/conference/edm2009/paper/200
S. Ventura,http://data.linkededucation.org/resource/lak/conference/edm2011/paper/60
Koji Suda,http://data.linkededucation.org/resource/lak/conference/edm2009/paper/203
Matthew Thornton,http://data.linkededucation.org/resource/lak/conference/edm2008/paper/230
Dennis Zielke,http://data.linkededucation.org/resource/lak/specialissue/jets12/paper/73
Nguyen Thai-nghe,http://data.linkededucation.org/resource/lak/conference/edm2011/paper/68
Nayer Wanas,http://data.linkededucation.org/resource/lak/conference/edm2010/paper/115
M. Numao,http://data.linkededucation.org/resource/lak/conference/edm2011/paper/102
Alfred Essa,http://data.linkededucation.org/resource/lak/conference/lak2012/paper/39
Kenneth R. Koedinger,http://data.linkededucation.org/resource/lak/conference/edm2011/paper/96
Kenneth R. Koedinger,http://data.linkededucation.org/resource/lak/conference/edm2009/paper/177
Kenneth R. Koedinger,http://data.linkededucation.org/resource/lak/conference/edm2011/paper/61
Kenneth R. Koedinger,http://data.linkededucation.org/resource/lak/conference/edm2011/paper/73
Kenneth R. Koedinger,http://data.linkededucation.org/resource/lak/conference/edm2010/paper/164
Kenneth R. Koedinger,http://data.linkededucation.org/resource/lak/conference/edm2012/paper/34
Kenneth R. Koedinger,http://data.linkededucation.org/resource/lak/conference/edm2008/paper/219
Kenneth R. Koedinger,http://data.linkededucation.org/resource/lak/conference/edm2012/paper/43
Kenneth R. Koedinger,http://data.linkededucation.org/resource/lak/conference/edm2008/paper/213
Kenneth R. Koedinger,http://data.linkededucation.org/resource/lak/conference/edm2011/paper/65
Kenneth R. Koedinger,http://data.linkededucation.org/resource/lak/conference/edm2008/paper/228
Kenneth R. Koedinger,http://data.linkededucation.org/resource/lak/conference/edm2011/paper/56
Kenneth R. Koedinger,http://data.linkededucation.org/resource/lak/conference/edm2008/paper/225
Kenneth R. Koedinger,http://data.linkededucation.org/resource/lak/conference/edm2010/paper/133
Kenneth R. Koedinger,http://data.linkededucation.org/resource/lak/conference/edm2012/paper/6
Kenneth R. Koedinger,http://data.linkededucation.org/resource/lak/conference/edm2011/paper/70
Kenneth R. Koedinger,http://data.linkededucation.org/resource/lak/conference/edm2008/paper/221
Tariq M. Khan,http://data.linkededucation.org/resource/lak/conference/lak2012/paper/32
Manuel Gerardo Saldivar,http://data.linkededucation.org/resource/lak/conference/edm2010/paper/170
Manuel Gerardo Saldivar,http://data.linkededucation.org/resource/lak/conference/edm2010/paper/132
Behzad Beheshti,http://data.linkededucation.org/resource/lak/conference/edm2012/paper/25
J.m. Buhmann,http://data.linkededucation.org/resource/lak/conference/edm2011/paper/112
Hasmik Mehranian,http://data.linkededucation.org/resource/lak/conference/edm2010/paper/146
Kerry Rice,http://data.linkededucation.org/resource/lak/specialissue/jets12/paper/70
Rebecca Nugent,http://data.linkededucation.org/resource/lak/conference/edm2008/paper/216
Rebecca Nugent,http://data.linkededucation.org/resource/lak/conference/edm2009/paper/183
Rebecca Nugent,http://data.linkededucation.org/resource/lak/conference/edm2010/paper/152
Rebecca Nugent,http://data.linkededucation.org/resource/lak/conference/edm2009/paper/187
Mansoureh Takaffoli,http://data.linkededucation.org/resource/lak/conference/edm2011/paper/91
R. Joseph Waddington,http://data.linkededucation.org/resource/lak/conference/lak2012/paper/11
Michael Wixon,http://data.linkededucation.org/resource/lak/conference/edm2012/paper/39
Michael Wixon,http://data.linkededucation.org/resource/lak/conference/edm2011/paper/90
Tristan Nixon,http://data.linkededucation.org/resource/lak/conference/edm2011/paper/56
Tristan Nixon,http://data.linkededucation.org/resource/lak/conference/edm2009/paper/190
Tristan Nixon,http://data.linkededucation.org/resource/lak/conference/edm2011/paper/66
K.h. Brodersen,http://data.linkededucation.org/resource/lak/conference/edm2011/paper/112
Martin Wolpers,http://data.linkededucation.org/resource/lak/conference/lak2011/paper/47
Martin Wolpers,http://data.linkededucation.org/resource/lak/conference/lak2012/paper/33
Martin Wolpers,http://data.linkededucation.org/resource/lak/conference/lak2011/paper/46
Diane Litman,http://data.linkededucation.org/resource/lak/conference/edm2010/paper/141
Eunchul Lee,http://data.linkededucation.org/resource/lak/specialissue/jets12/paper/75
Roger Azevedo,http://data.linkededucation.org/resource/lak/conference/edm2009/paper/199
Roger Azevedo,http://data.linkededucation.org/resource/lak/conference/edm2012/paper/20
Ma. Mercedes T. Rodrigo,http://data.linkededucation.org/resource/lak/conference/edm2012/paper/7
Jaclyn Ocumpaugh,http://data.linkededucation.org/resource/lak/conference/edm2012/paper/39
Keith Millis,http://data.linkededucation.org/resource/lak/conference/edm2010/paper/173
Keith Millis,http://data.linkededucation.org/resource/lak/conference/edm2012/paper/32
Min Chi,http://data.linkededucation.org/resource/lak/conference/edm2008/paper/233
Min Chi,http://data.linkededucation.org/resource/lak/conference/edm2011/paper/96
Min Chi,http://data.linkededucation.org/resource/lak/conference/edm2011/paper/61
Beatrice Popescu,http://data.linkededucation.org/resource/lak/conference/edm2011/paper/107
Nadine Marcus,http://data.linkededucation.org/resource/lak/conference/edm2009/paper/197
Juan Pablo Peche,http://data.linkededucation.org/resource/lak/conference/edm2010/paper/166
Rafi Nachmias,http://data.linkededucation.org/resource/lak/conference/edm2010/paper/165
Rafi Nachmias,http://data.linkededucation.org/resource/lak/conference/edm2009/paper/182
Rafi Nachmias,http://data.linkededucation.org/resource/lak/conference/edm2009/paper/198
Rafi Nachmias,http://data.linkededucation.org/resource/lak/conference/edm2008/paper/223
Rafi Nachmias,http://data.linkededucation.org/resource/lak/conference/edm2010/paper/125
Liaqat Ali,http://data.linkededucation.org/resource/lak/conference/lak2012/paper/3
Kimberly E. Arnold,http://data.linkededucation.org/resource/lak/conference/lak2012/paper/13
Riina Vuorikari,http://data.linkededucation.org/resource/lak/conference/lak2011/paper/46
Takahiro Tagawa,http://data.linkededucation.org/resource/lak/conference/edm2011/paper/86
Ritu Chaturvedi,http://data.linkededucation.org/resource/lak/conference/edm2012/paper/10
Michael A. Sao Pedro,http://data.linkededucation.org/resource/lak/conference/edm2010/paper/139
Michael A. Sao Pedro,http://data.linkededucation.org/resource/lak/conference/edm2010/paper/168
S. Wu,http://data.linkededucation.org/resource/lak/conference/edm2011/paper/84
Mladen A. Vouk,http://data.linkededucation.org/resource/lak/conference/edm2010/paper/120
James R. Curran,http://data.linkededucation.org/resource/lak/conference/edm2010/paper/126
A. Altun,http://data.linkededucation.org/resource/lak/conference/edm2011/paper/55
Arnold Ferri,http://data.linkededucation.org/resource/lak/conference/lak2011/paper/63
Aleksander Sadikov,http://data.linkededucation.org/resource/lak/conference/edm2010/paper/172
Jennifer L. Ferris,http://data.linkededucation.org/resource/lak/conference/edm2010/paper/135
Robert P. Dolan,http://data.linkededucation.org/resource/lak/conference/edm2012/paper/32
Francois Bouchet,http://data.linkededucation.org/resource/lak/conference/edm2012/paper/20
Carlos Delgado Kloos,http://data.linkededucation.org/resource/lak/conference/lak2011/paper/49
Carlos Delgado Kloos,http://data.linkededucation.org/resource/lak/conference/lak2012/paper/21
Hajime Sawamura,http://data.linkededucation.org/resource/lak/conference/edm2009/paper/207
Hajime Sawamura,http://data.linkededucation.org/resource/lak/conference/edm2008/paper/215
Suleyman Cetintas,http://data.linkededucation.org/resource/lak/conference/edm2009/paper/186
Myra Spiliopoulou,http://data.linkededucation.org/resource/lak/conference/edm2012/paper/8
Ling Tan,http://data.linkededucation.org/resource/lak/conference/edm2012/paper/9
Dixie Ching,http://data.linkededucation.org/resource/lak/conference/edm2012/paper/34
Serafima Mamedova,http://data.linkededucation.org/resource/lak/conference/edm2011/paper/104
Leena Joseph,http://data.linkededucation.org/resource/lak/conference/edm2011/paper/75
Dr. Dave Lewis,http://data.linkededucation.org/resource/lak/conference/lak2012/paper/23
Valentin Zacharias,http://data.linkededucation.org/resource/lak/conference/lak2012/paper/29
Shubhendu Trivedi,http://data.linkededucation.org/resource/lak/conference/edm2012/paper/47
Shubhendu Trivedi,http://data.linkededucation.org/resource/lak/conference/edm2012/paper/2
Stephanie D. Teasley,http://data.linkededucation.org/resource/lak/conference/lak2012/paper/11
Muntaquim Bagadia,http://data.linkededucation.org/resource/lak/conference/edm2010/paper/155
Thomas K. Harris,http://data.linkededucation.org/resource/lak/conference/edm2009/paper/190
Thomas K. Harris,http://data.linkededucation.org/resource/lak/conference/edm2012/paper/31
Manuel Freire,http://data.linkededucation.org/resource/lak/conference/edm2008/paper/224
Osamu Yamakawa,http://data.linkededucation.org/resource/lak/conference/edm2011/paper/86
Stephen E. Fancsali,http://data.linkededucation.org/resource/lak/conference/edm2011/paper/74
Stephen E. Fancsali,http://data.linkededucation.org/resource/lak/conference/edm2012/paper/49
Stephen E. Fancsali,http://data.linkededucation.org/resource/lak/conference/lak2011/paper/45
Hogyeong Jeong,http://data.linkededucation.org/resource/lak/conference/edm2008/paper/226
Hogyeong Jeong,http://data.linkededucation.org/resource/lak/conference/edm2010/paper/148
Rhouma Naceur,http://data.linkededucation.org/resource/lak/conference/edm2012/paper/25
M.m. Molina,http://data.linkededucation.org/resource/lak/conference/edm2012/paper/4
David H. Shanabrook,http://data.linkededucation.org/resource/lak/conference/edm2010/paper/154
Mingyu Feng,http://data.linkededucation.org/resource/lak/conference/edm2008/paper/225
Mingyu Feng,http://data.linkededucation.org/resource/lak/conference/edm2009/paper/206
Mingyu Feng,http://data.linkededucation.org/resource/lak/conference/edm2009/paper/202
Mingyu Feng,http://data.linkededucation.org/resource/lak/conference/edm2008/paper/213
Casey Hord,http://data.linkededucation.org/resource/lak/conference/edm2009/paper/186
Johann Ari Larusson,http://data.linkededucation.org/resource/lak/conference/lak2012/paper/8
Moffat Mathews,http://data.linkededucation.org/resource/lak/conference/edm2010/paper/118
Moffat Mathews,http://data.linkededucation.org/resource/lak/conference/edm2008/paper/227
Lee Becker,http://data.linkededucation.org/resource/lak/conference/edm2010/paper/171
A. Zapata-gonzalez,http://data.linkededucation.org/resource/lak/conference/edm2011/paper/92
Lydia Lau,http://data.linkededucation.org/resource/lak/conference/lak2012/paper/2
Mykola Pechenizkiy,http://data.linkededucation.org/resource/lak/conference/edm2012/paper/14
Mykola Pechenizkiy,http://data.linkededucation.org/resource/lak/conference/edm2010/paper/169
Mykola Pechenizkiy,http://data.linkededucation.org/resource/lak/conference/edm2012/paper/51
Mykola Pechenizkiy,http://data.linkededucation.org/resource/lak/conference/edm2009/paper/194
Mykola Pechenizkiy,http://data.linkededucation.org/resource/lak/conference/edm2008/paper/229
Mykola Pechenizkiy,http://data.linkededucation.org/resource/lak/conference/edm2010/paper/121
Mykola Pechenizkiy,http://data.linkededucation.org/resource/lak/conference/edm2009/paper/195
