Kaicheng-Yang;Lanqin-Zheng
Kaicheng-Yang;Ronghuai-Huang
Lanqin-Zheng;Ronghuai-Huang
Arnon-Hershkovitz;Rafi-Nachmias
Tiffany-Barnes;Matthew-W-Johnson
Tiffany-Barnes;Michael-John-Eagle
Matthew-W-Johnson;Michael-John-Eagle
Nell-Duke;Jack-Mostow
Nell-Duke;Christina-Trotochaud
Nell-Duke;Joseph-Valeri
Nell-Duke;Xiaonan-Zhang
Nell-Duke;Albert-T-Corbett
Jack-Mostow;Christina-Trotochaud
Jack-Mostow;Joseph-Valeri
Jack-Mostow;Xiaonan-Zhang
Jack-Mostow;Albert-T-Corbett
Christina-Trotochaud;Joseph-Valeri
Christina-Trotochaud;Xiaonan-Zhang
Christina-Trotochaud;Albert-T-Corbett
Joseph-Valeri;Xiaonan-Zhang
Joseph-Valeri;Albert-T-Corbett
Xiaonan-Zhang;Albert-T-Corbett
James-C-Lester;Jennifer-L-Sabourin
James-C-Lester;Bradford-W-Mott
Jennifer-L-Sabourin;Bradford-W-Mott
Donatella-Merlini;Renza-Campagni
Donatella-Merlini;Renzo-Sprugnoli
Renza-Campagni;Renzo-Sprugnoli
John-S-Kinnebrew;Gautam-Biswas
John-S-Kinnebrew;Roger-Azevedo
John-S-Kinnebrew;Francois-Bouchet
Gautam-Biswas;Roger-Azevedo
Gautam-Biswas;Francois-Bouchet
Roger-Azevedo;Francois-Bouchet
Emma-Brunskill;Jung-In-Lee
John-S-Kinnebrew;Gautam-Biswas
Brent-Morgan;Fazel-Keshtkar
Brent-Morgan;Arthur-C-Graesser
Fazel-Keshtkar;Arthur-C-Graesser
Yue-Gong;Joseph-E-Beck
Zachary-A-Pardos;Qing-Yang-Wang
Zachary-A-Pardos;Shubhendu-Trivedi
Qing-Yang-Wang;Shubhendu-Trivedi
Jihie-Kim;Adarsh-G-V
Jihie-Kim;Erin-Shaw
Jihie-Kim;Hao-Xu
Adarsh-G-V;Erin-Shaw
Adarsh-G-V;Hao-Xu
Erin-Shaw;Hao-Xu
Gord-Mccalla;Terry-Peckham
Nikita-Romashkin;Dmitry-Ignatov
Nikita-Romashkin;Elena-Kolotova
Dmitry-Ignatov;Elena-Kolotova
Koichi-Yastake;Hitoshi--Inoue
Koichi-Yastake;Takahiro-Sumiya
Koichi-Yastake;Takahiro-Tagawa
Koichi-Yastake;Osamu-Yamakawa
Hitoshi--Inoue;Takahiro-Sumiya
Hitoshi--Inoue;Takahiro-Tagawa
Hitoshi--Inoue;Osamu-Yamakawa
Takahiro-Sumiya;Takahiro-Tagawa
Takahiro-Sumiya;Osamu-Yamakawa
Takahiro-Tagawa;Osamu-Yamakawa
Yue-Gong;Dovan-Rai
Yue-Gong;Joseph-E-Beck
Dovan-Rai;Joseph-E-Beck
P-Pavlik-Jr;S-Wu
Leigh-Ann-Sudol-delyser;Jonathan-Steinhart
Yanbo-Xu;M-Munna
Yanbo-Xu;Jack-Mostow
M-Munna;Jack-Mostow
G-Goguadze;S-Sosnovsky
G-Goguadze;S-Isotani
G-Goguadze;Bruce-M-Mclaren
S-Sosnovsky;S-Isotani
S-Sosnovsky;Bruce-M-Mclaren
S-Isotani;Bruce-M-Mclaren
Christopher-Teplovs;Nobuko-Fujita
Christopher-Teplovs;Ravi-Vatrapu
Nobuko-Fujita;Ravi-Vatrapu
Hendrik-Drachsler;Katrien-Verbert
Hendrik-Drachsler;Erik-Duval
Hendrik-Drachsler;Nikos-Manouselis
Katrien-Verbert;Erik-Duval
Katrien-Verbert;Nikos-Manouselis
Erik-Duval;Nikos-Manouselis
Mareike-Bultmann;Anna-Lea-Dyckhoff
Mareike-Bultmann;Ulrik-Schroeder
Mareike-Bultmann;Mohamed-Amine-Chatti
Mareike-Bultmann;Dennis-Zielke
Anna-Lea-Dyckhoff;Ulrik-Schroeder
Anna-Lea-Dyckhoff;Mohamed-Amine-Chatti
Anna-Lea-Dyckhoff;Dennis-Zielke
Ulrik-Schroeder;Mohamed-Amine-Chatti
Ulrik-Schroeder;Dennis-Zielke
Mohamed-Amine-Chatti;Dennis-Zielke
Wu-He;M'hammed-Abdous
Wu-He;Cherng-Jyh-Yen
M'hammed-Abdous;Cherng-Jyh-Yen
Hao-Cen;P-Pavlik-Jr
Hao-Cen;Kenneth-R-Koedinger
P-Pavlik-Jr;Kenneth-R-Koedinger
Junichi-Kakegawa;Koichiro-Morihiro
Junichi-Kakegawa;Ryo-Nagata
Junichi-Kakegawa;Keigo-Takeda
Junichi-Kakegawa;Koji-Suda
Koichiro-Morihiro;Ryo-Nagata
Koichiro-Morihiro;Keigo-Takeda
Koichiro-Morihiro;Koji-Suda
Ryo-Nagata;Keigo-Takeda
Ryo-Nagata;Koji-Suda
Keigo-Takeda;Koji-Suda
Dave-Barker-plummer;Robert-Dale
Dave-Barker-plummer;Richard-Cox
Robert-Dale;Richard-Cox
S-Lalle;V-Luengo
Andrew-Olney;Whitney-Cade
Benjamin-Wolf;Andre-Kruger
Benjamin-Wolf;Agathe-Merceron
Andre-Kruger;Agathe-Merceron
Anupriya-Gupta;Suchismita-Srinivas
Anupriya-Gupta;Muntaquim-Bagadia
Suchismita-Srinivas;Muntaquim-Bagadia
Beverly-Park-Woolf;Ivon-Arroyo
Beverly-Park-Woolf;David-G-Cooper
Beverly-Park-Woolf;David-H-Shanabrook
Ivon-Arroyo;David-G-Cooper
Ivon-Arroyo;David-H-Shanabrook
David-G-Cooper;David-H-Shanabrook
Elizabeth-Ayers;Nema-Dean
Elizabeth-Ayers;Rebecca-Nugent
Nema-Dean;Rebecca-Nugent
Blair-Lehman;Andrew-Olney
Blair-Lehman;Whitney-Cade
Andrew-Olney;Whitney-Cade
Zachary-A-Pardos;Neil-T-Heffernan
Lubomir-Popelinsky;Jan-Geryk
Lubomir-Popelinsky;Hana-Bydzovska
Lubomir-Popelinsky;Tomas-Obsivac
Lubomir-Popelinsky;Jaroslav-Bayer
Jan-Geryk;Hana-Bydzovska
Jan-Geryk;Tomas-Obsivac
Jan-Geryk;Jaroslav-Bayer
Hana-Bydzovska;Tomas-Obsivac
Hana-Bydzovska;Jaroslav-Bayer
Tomas-Obsivac;Jaroslav-Bayer
Robert-Kraut;Turadg-Aleahmad
Robert-Kraut;Vincent-Aleven
Turadg-Aleahmad;Vincent-Aleven
W-Van-Den-Noortgate;P-Desmet
W-Van-Den-Noortgate;K-Wauters
P-Desmet;K-Wauters
Safia-Abbas;Hajime-Sawamura
Elizabeth-Ayers;Nema-Dean
Elizabeth-Ayers;Rebecca-Nugent
Nema-Dean;Rebecca-Nugent
Joseph-E-Beck;Mingyu-Feng
Rebecca-Ferguson;Simon-Buckingham-Shum
Irwin-DeVries;Griff-Richards
N-Trcka;P-De-Bra
N-Trcka;Pedro-A-Toledo
N-Trcka;Mykola-Pechenizkiy
P-De-Bra;Pedro-A-Toledo
P-De-Bra;Mykola-Pechenizkiy
Pedro-A-Toledo;Mykola-Pechenizkiy
Osmar-Zaiane;Stuart-Johnson
Yanbo-Xu;Jack-Mostow
Brandon-White;Johann-Ari-Larusson
J-Gobert;Arnon-Hershkovitz
J-Gobert;Ryan-Sjd-Baker
J-Gobert;Ryan-SJd-Baker
J-Gobert;Michael-Wixon
Arnon-Hershkovitz;Ryan-Sjd-Baker
Arnon-Hershkovitz;Ryan-SJd-Baker
Arnon-Hershkovitz;Michael-Wixon
Ryan-Sjd-Baker;Ryan-SJd-Baker
Ryan-Sjd-Baker;Michael-Wixon
Ryan-SJd-Baker;Michael-Wixon
John-McAuley;Alexander-O'Connor
John-McAuley;Dr-Dave-Lewis
Alexander-O'Connor;Dr-Dave-Lewis
Elizabeth-Ayers;Nema-Dean
Elizabeth-Ayers;Rebecca-Nugent
Nema-Dean;Rebecca-Nugent
Richard-Alterman;Bjorn-Levi-Gunnarsson
Paul-Prinsloo;Sharon-Slade
Paul-Prinsloo;Fenella-Galpin
Sharon-Slade;Fenella-Galpin
Jonathan-P-Rowe;Sujith-M-Gowda
Jonathan-P-Rowe;Ryan-Sjd-Baker
Jonathan-P-Rowe;Ryan-SJd-Baker
Jonathan-P-Rowe;Kenneth-R-Koedinger
Jonathan-P-Rowe;Min-Chi
Sujith-M-Gowda;Ryan-Sjd-Baker
Sujith-M-Gowda;Ryan-SJd-Baker
Sujith-M-Gowda;Kenneth-R-Koedinger
Sujith-M-Gowda;Min-Chi
Ryan-Sjd-Baker;Ryan-SJd-Baker
Ryan-Sjd-Baker;Kenneth-R-Koedinger
Ryan-Sjd-Baker;Min-Chi
Ryan-SJd-Baker;Kenneth-R-Koedinger
Ryan-SJd-Baker;Min-Chi
Kenneth-R-Koedinger;Min-Chi
Niels-Pinkwart;Kevin-D-Ashley
Niels-Pinkwart;Collin-Lynch
Niels-Pinkwart;Vincent-Aleven
Kevin-D-Ashley;Collin-Lynch
Kevin-D-Ashley;Vincent-Aleven
Collin-Lynch;Vincent-Aleven
Katja-Niemann;Tim-Krones
Katja-Niemann;Anna-Schmidt
Katja-Niemann;Uwe-Kirschenmann
Katja-Niemann;Hans-Christian-Schmitz
Katja-Niemann;Martin-Wolpers
Tim-Krones;Anna-Schmidt
Tim-Krones;Uwe-Kirschenmann
Tim-Krones;Hans-Christian-Schmitz
Tim-Krones;Martin-Wolpers
Anna-Schmidt;Uwe-Kirschenmann
Anna-Schmidt;Hans-Christian-Schmitz
Anna-Schmidt;Martin-Wolpers
Uwe-Kirschenmann;Hans-Christian-Schmitz
Uwe-Kirschenmann;Martin-Wolpers
Hans-Christian-Schmitz;Martin-Wolpers
M-Croy;Lorrie-Lehman
M-Croy;John-C-Stamper
M-Croy;Tiffany-Barnes
Lorrie-Lehman;John-C-Stamper
Lorrie-Lehman;Tiffany-Barnes
John-C-Stamper;Tiffany-Barnes
Venniraiselvi-Sundararaju;Joshua-D-Baron
Venniraiselvi-Sundararaju;Eitel-JM-Lauria
Venniraiselvi-Sundararaju;Sandeep-M-Jayaprakash
Venniraiselvi-Sundararaju;Mallika-Devireddy
Joshua-D-Baron;Eitel-JM-Lauria
Joshua-D-Baron;Sandeep-M-Jayaprakash
Joshua-D-Baron;Mallika-Devireddy
Eitel-JM-Lauria;Sandeep-M-Jayaprakash
Eitel-JM-Lauria;Mallika-Devireddy
Sandeep-M-Jayaprakash;Mallika-Devireddy
Marta-Zorrilla;Diego-Garcia-saiz
Safia-Abbas;Hajime-Sawamura
Kar-Hai-Chu;Dan-Suthers
Jose-P-Gonzalez-brenes;Bao-Hong-Tan
Jose-P-Gonzalez-brenes;Jack-Mostow
Bao-Hong-Tan;Jack-Mostow
Lili-Wu;Hao-Cen
Lili-Wu;P-Pavlik-Jr
Lili-Wu;Kenneth-R-Koedinger
Hao-Cen;P-Pavlik-Jr
Hao-Cen;Kenneth-R-Koedinger
P-Pavlik-Jr;Kenneth-R-Koedinger
M-Croy;John-C-Stamper
M-Croy;Tiffany-Barnes
John-C-Stamper;Tiffany-Barnes
Michel-C-Desmarais;Ildiko-Pelczer
Younyoung-Choi;Shauna-J-Sweet
Younyoung-Choi;Andre-A-Rupp
Shauna-J-Sweet;Andre-A-Rupp
Dovan-Rai;Joseph-E-Beck
Alvaro-Ortigosa;Jhonny-Estrella
Alvaro-Ortigosa;Jorge-Chue
Alvaro-Ortigosa;Alfredo-Barrientos
Alvaro-Ortigosa;Cesar-Vialardi
Alvaro-Ortigosa;Daniel-Victoria
Alvaro-Ortigosa;Juan-Pablo-Peche
Jhonny-Estrella;Jorge-Chue
Jhonny-Estrella;Alfredo-Barrientos
Jhonny-Estrella;Cesar-Vialardi
Jhonny-Estrella;Daniel-Victoria
Jhonny-Estrella;Juan-Pablo-Peche
Jorge-Chue;Alfredo-Barrientos
Jorge-Chue;Cesar-Vialardi
Jorge-Chue;Daniel-Victoria
Jorge-Chue;Juan-Pablo-Peche
Alfredo-Barrientos;Cesar-Vialardi
Alfredo-Barrientos;Daniel-Victoria
Alfredo-Barrientos;Juan-Pablo-Peche
Cesar-Vialardi;Daniel-Victoria
Cesar-Vialardi;Juan-Pablo-Peche
Daniel-Victoria;Juan-Pablo-Peche
Jose-P-Gonzalez-brenes;Jack-Mostow
Benjamin-Shih;Richard-Scheines
Benjamin-Shih;Kenneth-R-Koedinger
Richard-Scheines;Kenneth-R-Koedinger
Doug-Clow;Elpida-Makriyannis
J-Gobert;Adam-Nakama
J-Gobert;Orlando-Montalvo
J-Gobert;Ryan-Sjd-Baker
J-Gobert;Ryan-SJd-Baker
J-Gobert;Michael-A-Sao-Pedro
Adam-Nakama;Orlando-Montalvo
Adam-Nakama;Ryan-Sjd-Baker
Adam-Nakama;Ryan-SJd-Baker
Adam-Nakama;Michael-A-Sao-Pedro
Orlando-Montalvo;Ryan-Sjd-Baker
Orlando-Montalvo;Ryan-SJd-Baker
Orlando-Montalvo;Michael-A-Sao-Pedro
Ryan-Sjd-Baker;Ryan-SJd-Baker
Ryan-Sjd-Baker;Michael-A-Sao-Pedro
Ryan-SJd-Baker;Michael-A-Sao-Pedro
C-Romero;Ekaterina-Vasilyeva
C-Romero;S-Ventura
C-Romero;Mykola-Pechenizkiy
Ekaterina-Vasilyeva;S-Ventura
Ekaterina-Vasilyeva;Mykola-Pechenizkiy
S-Ventura;Mykola-Pechenizkiy
John-Champaign;Robin-Cohen
Ruth-Deakin-Crick;Simon-Buckingham-Shum
Sujith-M-Gowda;Ryan-Sjd-Baker
Sujith-M-Gowda;Ryan-SJd-Baker
Ryan-Sjd-Baker;Ryan-SJd-Baker
Devan-Rosen;Dan-Suthers
Sidney-D'mello;Arthur-C-Graesser
Sharon-Hardof-jaffe;Ofer-Bergman
Sharon-Hardof-jaffe;Hama-Abu-kishk
Sharon-Hardof-jaffe;Arnon-Hershkovitz
Sharon-Hardof-jaffe;Rafi-Nachmias
Ofer-Bergman;Hama-Abu-kishk
Ofer-Bergman;Arnon-Hershkovitz
Ofer-Bergman;Rafi-Nachmias
Hama-Abu-kishk;Arnon-Hershkovitz
Hama-Abu-kishk;Rafi-Nachmias
Arnon-Hershkovitz;Rafi-Nachmias
Hendrik-Drachsler;Wolfgang-Greller
Rafal-Kocielnik;Natalia-Sidorova
Rafal-Kocielnik;Mykola-Pechenizkiy
Natalia-Sidorova;Mykola-Pechenizkiy
Cecily-Heiner;Joseph-L-Zachary
C-Romero;Carlos-De-Castro
C-Romero;Miguel-Gea
C-Romero;Enrique-Garcia
C-Romero;S-Ventura
Carlos-De-Castro;Miguel-Gea
Carlos-De-Castro;Enrique-Garcia
Carlos-De-Castro;S-Ventura
Miguel-Gea;Enrique-Garcia
Miguel-Gea;S-Ventura
Enrique-Garcia;S-Ventura
Brendon-Towle;Steve-Ritter
Brendon-Towle;Daniel-Dickison
Brendon-Towle;R-Charles-Murray
Brendon-Towle;Tristan-Nixon
Brendon-Towle;Thomas-K-Harris
Steve-Ritter;Daniel-Dickison
Steve-Ritter;R-Charles-Murray
Steve-Ritter;Tristan-Nixon
Steve-Ritter;Thomas-K-Harris
Daniel-Dickison;R-Charles-Murray
Daniel-Dickison;Tristan-Nixon
Daniel-Dickison;Thomas-K-Harris
R-Charles-Murray;Tristan-Nixon
R-Charles-Murray;Thomas-K-Harris
Tristan-Nixon;Thomas-K-Harris
Steven-Tanimoto;Tara-M-Madhyastha
Zachary-A-Pardos;Neil-T-Heffernan
Gerben-W-Dekker;Jan-M-Vleeshouwers
Gerben-W-Dekker;Mykola-Pechenizkiy
Jan-M-Vleeshouwers;Mykola-Pechenizkiy
J-Gobert;Matt-Bachmann
J-Gobert;Joseph-E-Beck
Matt-Bachmann;Joseph-E-Beck
Michael-Bain;Dror-Ben-naim
Michael-Bain;Nadine-Marcus
Dror-Ben-naim;Nadine-Marcus
Dave-Barker-plummer;Robert-Dale
Dave-Barker-plummer;Richard-Cox
Robert-Dale;Richard-Cox
Vasile-Rus;Mihai-Lintean
Vasile-Rus;Roger-Azevedo
Mihai-Lintean;Roger-Azevedo
Beijie-Xu;Sherry-Hsi
Beijie-Xu;Christine-Garrard
Beijie-Xu;Mimi-M-Recker
Sherry-Hsi;Christine-Garrard
Sherry-Hsi;Mimi-M-Recker
Christine-Garrard;Mimi-M-Recker
Jaan-Ubi;Innar-Liiv
Yue-Gong;Joseph-E-Beck
Yue-Gong;Neil-T-Heffernan
Joseph-E-Beck;Neil-T-Heffernan
Beijie-Xu;Mimi-M-Recker
Kalina-Yacef;Hema-Soundranayagam
John-C-Stamper;Kenneth-R-Koedinger
Keith-E-Maull;Tamara-Sumner
Keith-E-Maull;Manuel-Gerardo-Saldivar
Tamara-Sumner;Manuel-Gerardo-Saldivar
Alvaro-Ortigosa;Javier-Bravo
Amelia-Zafra;S-Ventura
Zoran-Jeremic;Marek-Hatala
Zoran-Jeremic;Aleksandar-Giljanovic
Zoran-Jeremic;Nikola-Milikic
Zoran-Jeremic;Melody-Siadaty
Zoran-Jeremic;Dragan-Gasevic
Zoran-Jeremic;Jelena-Jovanovic
Zoran-Jeremic;Liaqat-Ali
Marek-Hatala;Aleksandar-Giljanovic
Marek-Hatala;Nikola-Milikic
Marek-Hatala;Melody-Siadaty
Marek-Hatala;Dragan-Gasevic
Marek-Hatala;Jelena-Jovanovic
Marek-Hatala;Liaqat-Ali
Aleksandar-Giljanovic;Nikola-Milikic
Aleksandar-Giljanovic;Melody-Siadaty
Aleksandar-Giljanovic;Dragan-Gasevic
Aleksandar-Giljanovic;Jelena-Jovanovic
Aleksandar-Giljanovic;Liaqat-Ali
Nikola-Milikic;Melody-Siadaty
Nikola-Milikic;Dragan-Gasevic
Nikola-Milikic;Jelena-Jovanovic
Nikola-Milikic;Liaqat-Ali
Melody-Siadaty;Dragan-Gasevic
Melody-Siadaty;Jelena-Jovanovic
Melody-Siadaty;Liaqat-Ali
Dragan-Gasevic;Jelena-Jovanovic
Dragan-Gasevic;Liaqat-Ali
Jelena-Jovanovic;Liaqat-Ali
Vania-Dimitrova;Ahmad-Ammari
Vania-Dimitrova;Lydia-Lau
Ahmad-Ammari;Lydia-Lau
Yue-Gong;Dovan-Rai
Yue-Gong;Joseph-E-Beck
Yue-Gong;Neil-T-Heffernan
Dovan-Rai;Joseph-E-Beck
Dovan-Rai;Neil-T-Heffernan
Joseph-E-Beck;Neil-T-Heffernan
Johan-Jeuring;Diederik-M-Roijers
Johan-Jeuring;Ad-Feelders
Diederik-M-Roijers;Ad-Feelders
Schreurs-Bieke;De-Laat-Maarten
Carlos-Monzo;Jose-Antonio-Moran
Carlos-Monzo;David-Garcia-Solorzano
Carlos-Monzo;Eugenia-Santamaria
Carlos-Monzo;German-Cobo
Carlos-Monzo;Javier-Melenchon
Jose-Antonio-Moran;David-Garcia-Solorzano
Jose-Antonio-Moran;Eugenia-Santamaria
Jose-Antonio-Moran;German-Cobo
Jose-Antonio-Moran;Javier-Melenchon
David-Garcia-Solorzano;Eugenia-Santamaria
David-Garcia-Solorzano;German-Cobo
David-Garcia-Solorzano;Javier-Melenchon
Eugenia-Santamaria;German-Cobo
Eugenia-Santamaria;Javier-Melenchon
German-Cobo;Javier-Melenchon
George-Siemens;Ryan-Sjd-Baker
George-Siemens;Ryan-SJd-Baker
Ryan-Sjd-Baker;Ryan-SJd-Baker
Marian-Simko;Maria-Bielikova
Ryan-Sjd-Baker;Ryan-SJd-Baker
Christopher-Teplovs;Nobuko-Fujita
Christopher-Teplovs;Susan-Bull
Christopher-Teplovs;Ravi-Vatrapu
Nobuko-Fujita;Susan-Bull
Nobuko-Fujita;Ravi-Vatrapu
Susan-Bull;Ravi-Vatrapu
Samira-Sadat-Sajadi;Fintan-Clear
Samira-Sadat-Sajadi;Tariq-M-Khan
Fintan-Clear;Tariq-M-Khan
Ivana-Quinto;Anna-De-Liddo
Ivana-Quinto;Simon-Buckingham-Shum
Ivana-Quinto;Michelle-Bachler
Ivana-Quinto;Lorella-Cannavacciuolo
Anna-De-Liddo;Simon-Buckingham-Shum
Anna-De-Liddo;Michelle-Bachler
Anna-De-Liddo;Lorella-Cannavacciuolo
Simon-Buckingham-Shum;Michelle-Bachler
Simon-Buckingham-Shum;Lorella-Cannavacciuolo
Michelle-Bachler;Lorella-Cannavacciuolo
Benjamin-Shih;Richard-Scheines
Benjamin-Shih;Kenneth-R-Koedinger
Richard-Scheines;Kenneth-R-Koedinger
Shane-Dawson;Aneesha-Bakharia
Ronit-Azran;Sharon-Hardof-jaffe
Ronit-Azran;Arnon-Hershkovitz
Ronit-Azran;Rafi-Nachmias
Sharon-Hardof-jaffe;Arnon-Hershkovitz
Sharon-Hardof-jaffe;Rafi-Nachmias
Arnon-Hershkovitz;Rafi-Nachmias
Greg-Logan;Carrie-Demmans-Epp
Greg-Logan;Christopher-A-Brooks
Greg-Logan;Jim-Greer
Carrie-Demmans-Epp;Christopher-A-Brooks
Carrie-Demmans-Epp;Jim-Greer
Christopher-A-Brooks;Jim-Greer
Bob-Dolan;John-Behrens
Liane-Beuster;Boris-Wenzlaff
Liane-Beuster;Sebastian-Schwarzrock
Liane-Beuster;Albrecht-Fortenbacher
Liane-Beuster;Margarita-Elkina
Liane-Beuster;Leonard-Kappe
Liane-Beuster;Agathe-Merceron
Liane-Beuster;Andreas-Pursian
Boris-Wenzlaff;Sebastian-Schwarzrock
Boris-Wenzlaff;Albrecht-Fortenbacher
Boris-Wenzlaff;Margarita-Elkina
Boris-Wenzlaff;Leonard-Kappe
Boris-Wenzlaff;Agathe-Merceron
Boris-Wenzlaff;Andreas-Pursian
Sebastian-Schwarzrock;Albrecht-Fortenbacher
Sebastian-Schwarzrock;Margarita-Elkina
Sebastian-Schwarzrock;Leonard-Kappe
Sebastian-Schwarzrock;Agathe-Merceron
Sebastian-Schwarzrock;Andreas-Pursian
Albrecht-Fortenbacher;Margarita-Elkina
Albrecht-Fortenbacher;Leonard-Kappe
Albrecht-Fortenbacher;Agathe-Merceron
Albrecht-Fortenbacher;Andreas-Pursian
Margarita-Elkina;Leonard-Kappe
Margarita-Elkina;Agathe-Merceron
Margarita-Elkina;Andreas-Pursian
Leonard-Kappe;Agathe-Merceron
Leonard-Kappe;Andreas-Pursian
Agathe-Merceron;Andreas-Pursian
Roberto-Martinez-Maldonado;Judy-Kay
Roberto-Martinez-Maldonado;Kalina-Yacef
Judy-Kay;Kalina-Yacef
John-C-Stamper;Steve-Ritter
John-C-Stamper;Derek-Lomas
John-C-Stamper;Jonathan-Steinhart
John-C-Stamper;Kenneth-R-Koedinger
John-C-Stamper;Dixie-Ching
Steve-Ritter;Derek-Lomas
Steve-Ritter;Jonathan-Steinhart
Steve-Ritter;Kenneth-R-Koedinger
Steve-Ritter;Dixie-Ching
Derek-Lomas;Jonathan-Steinhart
Derek-Lomas;Kenneth-R-Koedinger
Derek-Lomas;Dixie-Ching
Jonathan-Steinhart;Kenneth-R-Koedinger
Jonathan-Steinhart;Dixie-Ching
Kenneth-R-Koedinger;Dixie-Ching
Philip-Pavlik;Diane-Halpern
Philip-Pavlik;Carol-Forsyth
Philip-Pavlik;Zhiqiang-Cai
Philip-Pavlik;Mae-lynn-Germany
Philip-Pavlik;Arthur-C-Graesser
Philip-Pavlik;Heather-Butler
Philip-Pavlik;Keith-Millis
Philip-Pavlik;Robert-P-Dolan
Diane-Halpern;Carol-Forsyth
Diane-Halpern;Zhiqiang-Cai
Diane-Halpern;Mae-lynn-Germany
Diane-Halpern;Arthur-C-Graesser
Diane-Halpern;Heather-Butler
Diane-Halpern;Keith-Millis
Diane-Halpern;Robert-P-Dolan
Carol-Forsyth;Zhiqiang-Cai
Carol-Forsyth;Mae-lynn-Germany
Carol-Forsyth;Arthur-C-Graesser
Carol-Forsyth;Heather-Butler
Carol-Forsyth;Keith-Millis
Carol-Forsyth;Robert-P-Dolan
Zhiqiang-Cai;Mae-lynn-Germany
Zhiqiang-Cai;Arthur-C-Graesser
Zhiqiang-Cai;Heather-Butler
Zhiqiang-Cai;Keith-Millis
Zhiqiang-Cai;Robert-P-Dolan
Mae-lynn-Germany;Arthur-C-Graesser
Mae-lynn-Germany;Heather-Butler
Mae-lynn-Germany;Keith-Millis
Mae-lynn-Germany;Robert-P-Dolan
Arthur-C-Graesser;Heather-Butler
Arthur-C-Graesser;Keith-Millis
Arthur-C-Graesser;Robert-P-Dolan
Heather-Butler;Keith-Millis
Heather-Butler;Robert-P-Dolan
Keith-Millis;Robert-P-Dolan
Leigh-Ann-Sudol-delyser;Kelly-Rivers
Leigh-Ann-Sudol-delyser;Thomas-K-Harris
Kelly-Rivers;Thomas-K-Harris
Stefan-Droschler;Yoav-Bergner
Stefan-Droschler;Saif-Rayyan
Stefan-Droschler;Gerd-Kortemeyer
Stefan-Droschler;Daniel-Seaton
Stefan-Droschler;David-E-Pritchard
Yoav-Bergner;Saif-Rayyan
Yoav-Bergner;Gerd-Kortemeyer
Yoav-Bergner;Daniel-Seaton
Yoav-Bergner;David-E-Pritchard
Saif-Rayyan;Gerd-Kortemeyer
Saif-Rayyan;Daniel-Seaton
Saif-Rayyan;David-E-Pritchard
Gerd-Kortemeyer;Daniel-Seaton
Gerd-Kortemeyer;David-E-Pritchard
Daniel-Seaton;David-E-Pritchard
Sergey-Butakov;Denis-Smolin
Kathleen-Perez-Lopez;Darren-Cambridge
Carlos-Monzo;Jose-Antonio-Moran
Carlos-Monzo;David-Garcia-Solorzano
Carlos-Monzo;Eugenia-Santamaria
Carlos-Monzo;German-Cobo
Carlos-Monzo;Javier-Melenchon
Jose-Antonio-Moran;David-Garcia-Solorzano
Jose-Antonio-Moran;Eugenia-Santamaria
Jose-Antonio-Moran;German-Cobo
Jose-Antonio-Moran;Javier-Melenchon
David-Garcia-Solorzano;Eugenia-Santamaria
David-Garcia-Solorzano;German-Cobo
David-Garcia-Solorzano;Javier-Melenchon
Eugenia-Santamaria;German-Cobo
Eugenia-Santamaria;Javier-Melenchon
German-Cobo;Javier-Melenchon
Tobias-Ley;Christin-Seifert
Tobias-Ley;Guenter-Beham
Tobias-Ley;Stefanie-N-Lindstaedt
Tobias-Ley;Barbara-Kump
Christin-Seifert;Guenter-Beham
Christin-Seifert;Stefanie-N-Lindstaedt
Christin-Seifert;Barbara-Kump
Guenter-Beham;Stefanie-N-Lindstaedt
Guenter-Beham;Barbara-Kump
Stefanie-N-Lindstaedt;Barbara-Kump
Steven-Lonn;Andrew-E-Krumm
Steven-Lonn;R-Joseph-Waddington
Steven-Lonn;Stephanie-D-Teasley
Andrew-E-Krumm;R-Joseph-Waddington
Andrew-E-Krumm;Stephanie-D-Teasley
R-Joseph-Waddington;Stephanie-D-Teasley
Hendrik-Drachsler;Wolfgang-Greller
Angela-Z-Wagner;Aatish-Salvi
Angela-Z-Wagner;Gail-W-Kusbit
Angela-Z-Wagner;Jessica-Kalka
Angela-Z-Wagner;Lisa-Rossi
Angela-Z-Wagner;Sujith-M-Gowda
Angela-Z-Wagner;Vincent-Aleven
Angela-Z-Wagner;Ryan-Sjd-Baker
Angela-Z-Wagner;Ryan-SJd-Baker
Angela-Z-Wagner;Michael-Wixon
Angela-Z-Wagner;Jaclyn-Ocumpaugh
Aatish-Salvi;Gail-W-Kusbit
Aatish-Salvi;Jessica-Kalka
Aatish-Salvi;Lisa-Rossi
Aatish-Salvi;Sujith-M-Gowda
Aatish-Salvi;Vincent-Aleven
Aatish-Salvi;Ryan-Sjd-Baker
Aatish-Salvi;Ryan-SJd-Baker
Aatish-Salvi;Michael-Wixon
Aatish-Salvi;Jaclyn-Ocumpaugh
Gail-W-Kusbit;Jessica-Kalka
Gail-W-Kusbit;Lisa-Rossi
Gail-W-Kusbit;Sujith-M-Gowda
Gail-W-Kusbit;Vincent-Aleven
Gail-W-Kusbit;Ryan-Sjd-Baker
Gail-W-Kusbit;Ryan-SJd-Baker
Gail-W-Kusbit;Michael-Wixon
Gail-W-Kusbit;Jaclyn-Ocumpaugh
Jessica-Kalka;Lisa-Rossi
Jessica-Kalka;Sujith-M-Gowda
Jessica-Kalka;Vincent-Aleven
Jessica-Kalka;Ryan-Sjd-Baker
Jessica-Kalka;Ryan-SJd-Baker
Jessica-Kalka;Michael-Wixon
Jessica-Kalka;Jaclyn-Ocumpaugh
Lisa-Rossi;Sujith-M-Gowda
Lisa-Rossi;Vincent-Aleven
Lisa-Rossi;Ryan-Sjd-Baker
Lisa-Rossi;Ryan-SJd-Baker
Lisa-Rossi;Michael-Wixon
Lisa-Rossi;Jaclyn-Ocumpaugh
Sujith-M-Gowda;Vincent-Aleven
Sujith-M-Gowda;Ryan-Sjd-Baker
Sujith-M-Gowda;Ryan-SJd-Baker
Sujith-M-Gowda;Michael-Wixon
Sujith-M-Gowda;Jaclyn-Ocumpaugh
Vincent-Aleven;Ryan-Sjd-Baker
Vincent-Aleven;Ryan-SJd-Baker
Vincent-Aleven;Michael-Wixon
Vincent-Aleven;Jaclyn-Ocumpaugh
Ryan-Sjd-Baker;Ryan-SJd-Baker
Ryan-Sjd-Baker;Michael-Wixon
Ryan-Sjd-Baker;Jaclyn-Ocumpaugh
Ryan-SJd-Baker;Michael-Wixon
Ryan-SJd-Baker;Jaclyn-Ocumpaugh
Michael-Wixon;Jaclyn-Ocumpaugh
Brian-J-McNely;Philip-Parli-Horne
Brian-J-McNely;J-Holden-Hill
Brian-J-McNely;Paul-Gestwicki
Brian-J-McNely;Erika-Johnson
Philip-Parli-Horne;J-Holden-Hill
Philip-Parli-Horne;Paul-Gestwicki
Philip-Parli-Horne;Erika-Johnson
J-Holden-Hill;Paul-Gestwicki
J-Holden-Hill;Erika-Johnson
Paul-Gestwicki;Erika-Johnson
Rebecca-Ferguson;Simon-Buckingham-Shum
Rafael-A-Calvo;Kalina-Yacef
Rafael-A-Calvo;Vilaythong-Southavilay
Kalina-Yacef;Vilaythong-Southavilay
Katja-Niemann;Maren-Scheffel
Katja-Niemann;Hans-Christian-Schmitz
Katja-Niemann;Martin-Wolpers
Maren-Scheffel;Hans-Christian-Schmitz
Maren-Scheffel;Martin-Wolpers
Hans-Christian-Schmitz;Martin-Wolpers
Hendrik-Drachsler;Katrien-Verbert
Hendrik-Drachsler;Erik-Duval
Hendrik-Drachsler;Nikos-Manouselis
Hendrik-Drachsler;Martin-Wolpers
Hendrik-Drachsler;Riina-Vuorikari
Katrien-Verbert;Erik-Duval
Katrien-Verbert;Nikos-Manouselis
Katrien-Verbert;Martin-Wolpers
Katrien-Verbert;Riina-Vuorikari
Erik-Duval;Nikos-Manouselis
Erik-Duval;Martin-Wolpers
Erik-Duval;Riina-Vuorikari
Nikos-Manouselis;Martin-Wolpers
Nikos-Manouselis;Riina-Vuorikari
Martin-Wolpers;Riina-Vuorikari
Victor-Miagkikh;Devan-Rosen
Victor-Miagkikh;Dan-Suthers
Devan-Rosen;Dan-Suthers
Bao-Hong-Tan;Jack-Mostow
Christian-Schunn;Wenting-Xiong
Christian-Schunn;Diane-Litman
Wenting-Xiong;Diane-Litman
James-A-Bernauer;Jay-C-Powell
Vassilios-Protonotarios;Nikos-Palavitsinis
Vassilios-Protonotarios;Nikos-Manouselis
Nikos-Palavitsinis;Nikos-Manouselis
Joseph-E-Beck;Neil-T-Heffernan
Joseph-E-Beck;Yutao-Wang
Neil-T-Heffernan;Yutao-Wang
John-Champaign;Robin-Cohen
Beverly-Park-Woolf;Ivon-Arroyo
Beverly-Park-Woolf;Hasmik-Mehranian
Ivon-Arroyo;Hasmik-Mehranian
Pokpong-Songmuang;Maomi-Ueno
Ari-Bader-Natal;Thomas-Lotze
David-Wiley;Michael-Atkisson
Martina-A-Rau;Richard-Scheines
Gautam-Biswas;Hogyeong-Jeong
Yu-Chang-Hsu;Jui-Long-Hung
Yu-Chang-Hsu;Kerry-Rice
Jui-Long-Hung;Kerry-Rice
Mike-Sharkey;Rebecca-Barber
Michel-C-Desmarais;Alejandro-Villarreal
Michel-C-Desmarais;Michel-Gagnon
Alejandro-Villarreal;Michel-Gagnon
Antonio-R-Anaya;Jesus-G-Boticario
Julia-Minguillon;Josep-Grau-Valldosera
Beijie-Xu;Mimi-M-Recker
J-R-Quevedo;E-Montanes
Zachary-A-Pardos;Sujith-M-Gowda
Zachary-A-Pardos;Neil-T-Heffernan
Zachary-A-Pardos;Ryan-Sjd-Baker
Zachary-A-Pardos;Ryan-SJd-Baker
Sujith-M-Gowda;Neil-T-Heffernan
Sujith-M-Gowda;Ryan-Sjd-Baker
Sujith-M-Gowda;Ryan-SJd-Baker
Neil-T-Heffernan;Ryan-Sjd-Baker
Neil-T-Heffernan;Ryan-SJd-Baker
Ryan-Sjd-Baker;Ryan-SJd-Baker
Rebecca-Ferguson;Simon-Buckingham-Shum
Tanja-Mitrovic;Moffat-Mathews
Minjeong-Kim;Eunchul-Lee
Benjamin-Wolf;Andre-Kruger
Benjamin-Wolf;Agathe-Merceron
Andre-Kruger;Agathe-Merceron
Alejandra-Jayme;Thomas-T-Dy
Alejandra-Jayme;Ryan-Sjd-Baker
Alejandra-Jayme;Ryan-SJd-Baker
Alejandra-Jayme;Bruce-M-Mclaren
Alejandra-Jayme;Ma-Mercedes-T-Rodrigo
Thomas-T-Dy;Ryan-Sjd-Baker
Thomas-T-Dy;Ryan-SJd-Baker
Thomas-T-Dy;Bruce-M-Mclaren
Thomas-T-Dy;Ma-Mercedes-T-Rodrigo
Ryan-Sjd-Baker;Ryan-SJd-Baker
Ryan-Sjd-Baker;Bruce-M-Mclaren
Ryan-Sjd-Baker;Ma-Mercedes-T-Rodrigo
Ryan-SJd-Baker;Bruce-M-Mclaren
Ryan-SJd-Baker;Ma-Mercedes-T-Rodrigo
Bruce-M-Mclaren;Ma-Mercedes-T-Rodrigo
Carin-Neitzel;Julie-Johnson
Carin-Neitzel;Larry-Howard
Julie-Johnson;Larry-Howard
Neil-T-Heffernan;Ryan-Sjd-Baker
Neil-T-Heffernan;Ryan-SJd-Baker
Neil-T-Heffernan;Adam-B-Goldstein
Ryan-Sjd-Baker;Ryan-SJd-Baker
Ryan-Sjd-Baker;Adam-B-Goldstein
Ryan-SJd-Baker;Adam-B-Goldstein
Nevin-Darwish;Nadia-Hegazy
Nevin-Darwish;Nabila-Khodeir
Nevin-Darwish;Nayer-Wanas
Nadia-Hegazy;Nabila-Khodeir
Nadia-Hegazy;Nayer-Wanas
Nabila-Khodeir;Nayer-Wanas
Nabila-Bousbia;Issam-Rebai
Nabila-Bousbia;Amar-Balla
Nabila-Bousbia;Jean-marc-Labat
Issam-Rebai;Amar-Balla
Issam-Rebai;Jean-marc-Labat
Amar-Balla;Jean-marc-Labat
Hui-Soo-Chae;Ankit-Ranka
Hui-Soo-Chae;Faisal-Anwar
Ankit-Ranka;Faisal-Anwar
Peter-Brusilovsky;Michael-V-Yudelson
Peter-Brusilovsky;Antonija-Mitrovic
Peter-Brusilovsky;Moffat-Mathews
Michael-V-Yudelson;Antonija-Mitrovic
Michael-V-Yudelson;Moffat-Mathews
Antonija-Mitrovic;Moffat-Mathews
Daniel-Roberge;Anthony-Rojas
Daniel-Roberge;Ryan-Sjd-Baker
Daniel-Roberge;Ryan-SJd-Baker
Anthony-Rojas;Ryan-Sjd-Baker
Anthony-Rojas;Ryan-SJd-Baker
Ryan-Sjd-Baker;Ryan-SJd-Baker
John-Brecht;Marie-Bienkowski
John-Brecht;Jim-Klo
Marie-Bienkowski;Jim-Klo
Jon-Dron;Nazim-Rahman
J-Zimmermann;J-p-Pellet
J-Zimmermann;E-August
J-Zimmermann;Jm-Buhmann
J-Zimmermann;Kh-Brodersen
J-p-Pellet;E-August
J-p-Pellet;Jm-Buhmann
J-p-Pellet;Kh-Brodersen
E-August;Jm-Buhmann
E-August;Kh-Brodersen
Jm-Buhmann;Kh-Brodersen
Matthew-D-Pistilli;Kimberly-E-Arnold
M-Ifland;F-Lemmerich
M-Ifland;F-Puppe
F-Lemmerich;F-Puppe
Joseph-E-Beck;Neil-T-Heffernan
Joseph-E-Beck;Mingyu-Feng
Neil-T-Heffernan;Mingyu-Feng
C-Conati;S-Kardan
Jafar-Habibi;Mohammad-Hassan-Falakmasir
Julie-Johnson;Gautam-Biswas
Julie-Johnson;Larry-Howard
Julie-Johnson;Hogyeong-Jeong
Gautam-Biswas;Larry-Howard
Gautam-Biswas;Hogyeong-Jeong
Larry-Howard;Hogyeong-Jeong
Zachary-A-Pardos;Martina-A-Rau
Daniel-Guerra;Eliana-Scheihing
Daniel-Guerra;Carolina-Aros
Eliana-Scheihing;Carolina-Aros
Hanan-Ayad;Alfred-Essa
Cristian-Moldovan;Vasile-Rus
Cristian-Moldovan;Nobal-Niraula
Cristian-Moldovan;Arthur-C-Graesser
Vasile-Rus;Nobal-Niraula
Vasile-Rus;Arthur-C-Graesser
Nobal-Niraula;Arthur-C-Graesser
Pedro-Crespo;Claudia-Antunes
Judi-Mccuaig;Julia-Baldwin
C-I-Ezeife;Ritu-Chaturvedi
Emma-Brunskill;Michael-V-Yudelson
Joseph-E-Beck;Yutao-Wang
Yanbo-Xu;Jack-Mostow
G-Akcaponar;E-Cougun
G-Akcaponar;A-Altun
E-Cougun;A-Altun
John-C-Stamper;Steve-Ritter
John-C-Stamper;P-Pavlik-Jr
John-C-Stamper;Kenneth-R-Koedinger
John-C-Stamper;Tristan-Nixon
Steve-Ritter;P-Pavlik-Jr
Steve-Ritter;Kenneth-R-Koedinger
Steve-Ritter;Tristan-Nixon
P-Pavlik-Jr;Kenneth-R-Koedinger
P-Pavlik-Jr;Tristan-Nixon
Kenneth-R-Koedinger;Tristan-Nixon
D-Zielke;U-Schroeder
D-Zielke;Al-Dyckhoff
D-Zielke;Ma-Chatti
U-Schroeder;Al-Dyckhoff
U-Schroeder;Ma-Chatti
Al-Dyckhoff;Ma-Chatti
E-Cambranes;J-Good
Stuart-Russell;Emma-Brunskill
Nazim-Rahman;Sabine-Graf
Nazim-Rahman;Cindy-Ives
Nazim-Rahman;Arnold-Ferri
Sabine-Graf;Cindy-Ives
Sabine-Graf;Arnold-Ferri
Cindy-Ives;Arnold-Ferri
Shane-Dawson;Lori-Lockyer
Zachary-A-Pardos;Joseph-E-Beck
Zachary-A-Pardos;Neil-T-Heffernan
Zachary-A-Pardos;Carolina-Ruiz
Joseph-E-Beck;Neil-T-Heffernan
Joseph-E-Beck;Carolina-Ruiz
Neil-T-Heffernan;Carolina-Ruiz
C-Romero;Jm-Luna
C-Romero;Mi-Lopez
C-Romero;S-Ventura
Jm-Luna;Mi-Lopez
Jm-Luna;S-Ventura
Mi-Lopez;S-Ventura
Elizabeth-Ayers;Nema-Dean
Elizabeth-Ayers;Rebecca-Nugent
Nema-Dean;Rebecca-Nugent
Dave-Barker-plummer;Robert-Dale
Dave-Barker-plummer;Richard-Cox
Robert-Dale;Richard-Cox
John-C-Stamper;Tiffany-Barnes
Luo-Si;Yan-Ping-Xin
Luo-Si;Suleyman-Cetintas
Luo-Si;Casey-Hord
Yan-Ping-Xin;Suleyman-Cetintas
Yan-Ping-Xin;Casey-Hord
Suleyman-Cetintas;Casey-Hord
C-Romero;Jm-Luna
C-Romero;S-Ventura
C-Romero;Mm-Molina
Jm-Luna;S-Ventura
Jm-Luna;Mm-Molina
S-Ventura;Mm-Molina
Michal-Burda;Lukas-Zoubek
Ilya-M-Goldin;Vincent-Aleven
Ilya-M-Goldin;Kenneth-R-Koedinger
Vincent-Aleven;Kenneth-R-Koedinger
Anna-Katrina-Dominguez;Kalina-Yacef
Anna-Katrina-Dominguez;James-R-Curran
Kalina-Yacef;James-R-Curran
Joseph-E-Beck;Jack-Mostow
Carolyn-P-Rose;David-Nadler-Prata
Carolyn-P-Rose;Adriana-Mjb-De-Carvalho
Carolyn-P-Rose;Yue-Cui
Carolyn-P-Rose;Evandro-Db-Costa
Carolyn-P-Rose;Ryan-Sjd-Baker
Carolyn-P-Rose;Ryan-SJd-Baker
David-Nadler-Prata;Adriana-Mjb-De-Carvalho
David-Nadler-Prata;Yue-Cui
David-Nadler-Prata;Evandro-Db-Costa
David-Nadler-Prata;Ryan-Sjd-Baker
David-Nadler-Prata;Ryan-SJd-Baker
Adriana-Mjb-De-Carvalho;Yue-Cui
Adriana-Mjb-De-Carvalho;Evandro-Db-Costa
Adriana-Mjb-De-Carvalho;Ryan-Sjd-Baker
Adriana-Mjb-De-Carvalho;Ryan-SJd-Baker
Yue-Cui;Evandro-Db-Costa
Yue-Cui;Ryan-Sjd-Baker
Yue-Cui;Ryan-SJd-Baker
Evandro-Db-Costa;Ryan-Sjd-Baker
Evandro-Db-Costa;Ryan-SJd-Baker
Ryan-Sjd-Baker;Ryan-SJd-Baker
C-Romero;Jm-Luna
C-Romero;Jose-Raul-Romero
C-Romero;S-Ventura
Jm-Luna;Jose-Raul-Romero
Jm-Luna;S-Ventura
Jose-Raul-Romero;S-Ventura
C-Romero;Vh-Menendez
C-Romero;Me-Prieto-mendez
C-Romero;A-Zapata-gonzalez
Vh-Menendez;Me-Prieto-mendez
Vh-Menendez;A-Zapata-gonzalez
Me-Prieto-mendez;A-Zapata-gonzalez
Eun-Young-Ha;James-C-Lester
Eun-Young-Ha;Michael-D-Wallis
Eun-Young-Ha;Kristy-Elizabeth-Boyer
Eun-Young-Ha;Robert-Phillips
Eun-Young-Ha;Mladen-A-Vouk
James-C-Lester;Michael-D-Wallis
James-C-Lester;Kristy-Elizabeth-Boyer
James-C-Lester;Robert-Phillips
James-C-Lester;Mladen-A-Vouk
Michael-D-Wallis;Kristy-Elizabeth-Boyer
Michael-D-Wallis;Robert-Phillips
Michael-D-Wallis;Mladen-A-Vouk
Kristy-Elizabeth-Boyer;Robert-Phillips
Kristy-Elizabeth-Boyer;Mladen-A-Vouk
Robert-Phillips;Mladen-A-Vouk
Sicco-Verwer;P-De-Bra
Sicco-Verwer;Aleksandra-Tesanovic
Sicco-Verwer;Ekaterina-Vasilyeva
Sicco-Verwer;Evgeny-Knutov
Sicco-Verwer;Mykola-Pechenizkiy
P-De-Bra;Aleksandra-Tesanovic
P-De-Bra;Ekaterina-Vasilyeva
P-De-Bra;Evgeny-Knutov
P-De-Bra;Mykola-Pechenizkiy
Aleksandra-Tesanovic;Ekaterina-Vasilyeva
Aleksandra-Tesanovic;Evgeny-Knutov
Aleksandra-Tesanovic;Mykola-Pechenizkiy
Ekaterina-Vasilyeva;Evgeny-Knutov
Ekaterina-Vasilyeva;Mykola-Pechenizkiy
Evgeny-Knutov;Mykola-Pechenizkiy
Neil-T-Heffernan;Yutao-Wang
Nikita-Romashkin;Dmitry-Ignatov
Nikita-Romashkin;Ivan-Shamshurin
Nikita-Romashkin;Serafima-Mamedova
Dmitry-Ignatov;Ivan-Shamshurin
Dmitry-Ignatov;Serafima-Mamedova
Ivan-Shamshurin;Serafima-Mamedova
Lorenzo-Moreno;Carina-S-Gonzalez
Lorenzo-Moreno;Roman-Estevez
Lorenzo-Moreno;Beatrice-Popescu
Carina-S-Gonzalez;Roman-Estevez
Carina-S-Gonzalez;Beatrice-Popescu
Roman-Estevez;Beatrice-Popescu
K-Stefanova;V-Kisimov
K-Stefanova;D-Kabakchieva
V-Kisimov;D-Kabakchieva
Marta-Zorrilla;Diego-Garcia-saiz
Marta-Zorrilla;Jose-L-Balcazar
Diego-Garcia-saiz;Jose-L-Balcazar
Sujith-M-Gowda;Ryan-Sjd-Baker
Sujith-M-Gowda;Ryan-SJd-Baker
Sujith-M-Gowda;Albert-T-Corbett
Ryan-Sjd-Baker;Ryan-SJd-Baker
Ryan-Sjd-Baker;Albert-T-Corbett
Ryan-SJd-Baker;Albert-T-Corbett
P-S-Inventado;R-Legaspi
P-S-Inventado;M-Suarez
P-S-Inventado;M-Numao
R-Legaspi;M-Suarez
R-Legaspi;M-Numao
M-Suarez;M-Numao
M-Croy;Tiffany-Barnes
M-Croy;B-Mostafavi
Tiffany-Barnes;B-Mostafavi
Nadira-Saab;Anjo-Anjewierden
Nadira-Saab;Hannie-Gijlers
Nadira-Saab;Robert-De-Hoog
Anjo-Anjewierden;Hannie-Gijlers
Anjo-Anjewierden;Robert-De-Hoog
Hannie-Gijlers;Robert-De-Hoog
Antonio-R-Anaya;Jesus-G-Boticario
Lars-Schmidt-thieme;Tomaas-Horvath
Lars-Schmidt-thieme;Nguyen-Thai-nghe
Tomaas-Horvath;Nguyen-Thai-nghe
Dovan-Rai;Joseph-E-Beck
Kurt-Vanlehn;Pamela-Jordan
Kurt-Vanlehn;Geoff-Gordon
Kurt-Vanlehn;Kenneth-R-Koedinger
Kurt-Vanlehn;Min-Chi
Pamela-Jordan;Geoff-Gordon
Pamela-Jordan;Kenneth-R-Koedinger
Pamela-Jordan;Min-Chi
Geoff-Gordon;Kenneth-R-Koedinger
Geoff-Gordon;Min-Chi
Kenneth-R-Koedinger;Min-Chi
C-Romero;R-Pedraza-perez
C-Romero;S-Ventura
R-Pedraza-perez;S-Ventura
Zachary-A-Pardos;M-Feng
Zachary-A-Pardos;Neil-T-Heffernan
Zachary-A-Pardos;C-Heffernan
M-Feng;Neil-T-Heffernan
M-Feng;C-Heffernan
Neil-T-Heffernan;C-Heffernan
Noboru-Matsuda;William-W-Cohen
Noboru-Matsuda;Nan-Li
Noboru-Matsuda;Kenneth-R-Koedinger
William-W-Cohen;Nan-Li
William-W-Cohen;Kenneth-R-Koedinger
Nan-Li;Kenneth-R-Koedinger
Roberto-Martinez-Maldonado;Judy-Kay
Roberto-Martinez-Maldonado;A-Kharrufa
Roberto-Martinez-Maldonado;A-Al-qaraghuli
Roberto-Martinez-Maldonado;Kalina-Yacef
Judy-Kay;A-Kharrufa
Judy-Kay;A-Al-qaraghuli
Judy-Kay;Kalina-Yacef
A-Kharrufa;A-Al-qaraghuli
A-Kharrufa;Kalina-Yacef
A-Al-qaraghuli;Kalina-Yacef
Jose-P-Gonzalez-brenes;Weisi-Duan
Jose-P-Gonzalez-brenes;Jack-Mostow
Weisi-Duan;Jack-Mostow
Brendon-Towle;Annalies-Vuong
Brendon-Towle;Tristan-Nixon
Annalies-Vuong;Tristan-Nixon
Joseph-E-Beck;Neil-T-Heffernan
Joseph-E-Beck;Kenneth-R-Koedinger
Joseph-E-Beck;Mingyu-Feng
Neil-T-Heffernan;Kenneth-R-Koedinger
Neil-T-Heffernan;Mingyu-Feng
Kenneth-R-Koedinger;Mingyu-Feng
Marta-Zorrilla;Diego-Garcia-saiz
Zachary-A-Pardos;Neil-T-Heffernan
Zachary-A-Pardos;Gabor-N-Sarkozy
Zachary-A-Pardos;Shubhendu-Trivedi
Neil-T-Heffernan;Gabor-N-Sarkozy
Neil-T-Heffernan;Shubhendu-Trivedi
Gabor-N-Sarkozy;Shubhendu-Trivedi
Jin-Soung-Yoo;Moon-heum-Cho
Abelardo-Pardo;Carlos-Delgado-Kloos
William-Galen;Rasil-Warnakulasooriya
Nicolai-Manie;Alexandru-Surpatean
Nicolai-Manie;Evgueni-Smirnov
Alexandru-Surpatean;Evgueni-Smirnov
Jose-P-Gonzalez-brenes;Jack-Mostow
John-C-Stamper;Elizabeth-A-Mclaughlin
John-C-Stamper;Kenneth-R-Koedinger
Elizabeth-A-Mclaughlin;Kenneth-R-Koedinger
Neil-T-Heffernan;Yutao-Wang
Thomas-L-Griffiths;Michelle-M-Lamar
Thomas-L-Griffiths;Anna-N-Rafferty
Michelle-M-Lamar;Anna-N-Rafferty
Sadhana-Puntambekar;Roland-Hubscher
Martin-Schon;Martin-Ebner
Martin-Schon;Georg-Kothmeier
Martin-Ebner;Georg-Kothmeier
Haiming-Liu;Rebecca-Ferguson
Haiming-Liu;Ronald-Macintyre
Rebecca-Ferguson;Ronald-Macintyre
Robert-Bramucci;Jim-Gaston
David-Sanchez-de-Castro;Derick-Leony
David-Sanchez-de-Castro;Luis-de-la-Fuente-Valentin
David-Sanchez-de-Castro;Abelardo-Pardo
David-Sanchez-de-Castro;Carlos-Delgado-Kloos
Derick-Leony;Luis-de-la-Fuente-Valentin
Derick-Leony;Abelardo-Pardo
Derick-Leony;Carlos-Delgado-Kloos
Luis-de-la-Fuente-Valentin;Abelardo-Pardo
Luis-de-la-Fuente-Valentin;Carlos-Delgado-Kloos
Abelardo-Pardo;Carlos-Delgado-Kloos
C-Romero;Sergio-Gutierrez
C-Romero;S-Ventura
C-Romero;Manuel-Freire
Sergio-Gutierrez;S-Ventura
Sergio-Gutierrez;Manuel-Freire
S-Ventura;Manuel-Freire
Joseph-E-Beck;Neil-T-Heffernan
Joseph-E-Beck;Kenneth-R-Koedinger
Joseph-E-Beck;Mingyu-Feng
Neil-T-Heffernan;Kenneth-R-Koedinger
Neil-T-Heffernan;Mingyu-Feng
Kenneth-R-Koedinger;Mingyu-Feng
Hisham-Petry;Louis-M-Gomez
Hisham-Petry;R-Benjamin-Shapiro
Louis-M-Gomez;R-Benjamin-Shapiro
Brett-Leber;Kyle-Cunningham
Brett-Leber;Alida-Skogsholm
Brett-Leber;Kenneth-R-Koedinger
Kyle-Cunningham;Alida-Skogsholm
Kyle-Cunningham;Kenneth-R-Koedinger
Alida-Skogsholm;Kenneth-R-Koedinger
Toon-Calders;P-De-Bra
Toon-Calders;Ekaterina-Vasilyeva
Toon-Calders;Mykola-Pechenizkiy
P-De-Bra;Ekaterina-Vasilyeva
P-De-Bra;Mykola-Pechenizkiy
Ekaterina-Vasilyeva;Mykola-Pechenizkiy
Katrien-Verbert;Sten-Govaerts
Katrien-Verbert;Erik-Duval
Katrien-Verbert;Jose-Luis-Santos
Sten-Govaerts;Erik-Duval
Sten-Govaerts;Jose-Luis-Santos
Erik-Duval;Jose-Luis-Santos
Simone-Braun;Lars-Muller
Simone-Braun;Veronica-Rivera-Pelayo
Simone-Braun;Valentin-Zacharias
Lars-Muller;Veronica-Rivera-Pelayo
Lars-Muller;Valentin-Zacharias
Veronica-Rivera-Pelayo;Valentin-Zacharias
Claudia-Antunes;J-Barracosa
Wayne-H-Ward;Sarel-Vanvuuren
Wayne-H-Ward;Lee-Becker
Sarel-Vanvuuren;Lee-Becker
Keith-E-Maull;Tamara-Sumner
Keith-E-Maull;Manuel-Gerardo-Saldivar
Tamara-Sumner;Manuel-Gerardo-Saldivar
Diane-Halpern;Carol-Forsyth
Diane-Halpern;Jonathan-Wood
Diane-Halpern;Zhiqiang-Cai
Diane-Halpern;Arthur-C-Graesser
Diane-Halpern;Heather-Butler
Diane-Halpern;Keith-Millis
Carol-Forsyth;Jonathan-Wood
Carol-Forsyth;Zhiqiang-Cai
Carol-Forsyth;Arthur-C-Graesser
Carol-Forsyth;Heather-Butler
Carol-Forsyth;Keith-Millis
Jonathan-Wood;Zhiqiang-Cai
Jonathan-Wood;Arthur-C-Graesser
Jonathan-Wood;Heather-Butler
Jonathan-Wood;Keith-Millis
Zhiqiang-Cai;Arthur-C-Graesser
Zhiqiang-Cai;Heather-Butler
Zhiqiang-Cai;Keith-Millis
Arthur-C-Graesser;Heather-Butler
Arthur-C-Graesser;Keith-Millis
Heather-Butler;Keith-Millis
Jana-Krivec;Vida-Groznik
Jana-Krivec;Ivan-Bratko
Jana-Krivec;Matej-Guid
Jana-Krivec;Martin-Mozina
Jana-Krivec;Aleksander-Sadikov
Vida-Groznik;Ivan-Bratko
Vida-Groznik;Matej-Guid
Vida-Groznik;Martin-Mozina
Vida-Groznik;Aleksander-Sadikov
Ivan-Bratko;Matej-Guid
Ivan-Bratko;Martin-Mozina
Ivan-Bratko;Aleksander-Sadikov
Matej-Guid;Martin-Mozina
Matej-Guid;Aleksander-Sadikov
Martin-Mozina;Aleksander-Sadikov
Tiffany-Barnes;Matthew-W-Johnson
Rafael-A-Calvo;Sunghwan-Mac-Kim
Leah-P-Macfadyen;Peter-Sorenson
Leyla-Zhuhadar;Rong-Yang
Carl-Gutwin;Christopher-A-Brooks
Carl-Gutwin;Jim-Greer
Christopher-A-Brooks;Jim-Greer
Arnon-Hershkovitz;Rafi-Nachmias
Kalina-Yacef;Agathe-Merceron
Yanbo-Xu;Jack-Mostow
Blikstein;Worsley
Tiffany-Barnes;Matthew-W-Johnson
Tiffany-Barnes;Michael-John-Eagle
Tiffany-Barnes;Leena-Joseph
Matthew-W-Johnson;Michael-John-Eagle
Matthew-W-Johnson;Leena-Joseph
Michael-John-Eagle;Leena-Joseph
W-Van-Den-Noortgate;P-Desmet
W-Van-Den-Noortgate;K-Wauters
P-Desmet;K-Wauters
Af-Nwaigwe;Kenneth-R-Koedinger
Michael-V-Yudelson;P-Pavlik-Jr
Michael-V-Yudelson;Kenneth-R-Koedinger
P-Pavlik-Jr;Kenneth-R-Koedinger
P-Jarusek;R-Pelanek
J-Gobert;Adam-Nakama
J-Gobert;Orlando-Montalvo
J-Gobert;Ryan-Sjd-Baker
J-Gobert;Ryan-SJd-Baker
J-Gobert;Michael-A-Sao-Pedro
Adam-Nakama;Orlando-Montalvo
Adam-Nakama;Ryan-Sjd-Baker
Adam-Nakama;Ryan-SJd-Baker
Adam-Nakama;Michael-A-Sao-Pedro
Orlando-Montalvo;Ryan-Sjd-Baker
Orlando-Montalvo;Ryan-SJd-Baker
Orlando-Montalvo;Michael-A-Sao-Pedro
Ryan-Sjd-Baker;Ryan-SJd-Baker
Ryan-Sjd-Baker;Michael-A-Sao-Pedro
Ryan-SJd-Baker;Michael-A-Sao-Pedro
Kon-Shing-Kenneth-Chung;Walter-Christian-Paredes
C-Marquez-vera;C-Romero
C-Marquez-vera;S-Ventura
C-Romero;S-Ventura
N-Trcka;P-De-Bra
N-Trcka;Ekaterina-Vasilyeva
N-Trcka;Wil-Van-Der-Aalst
N-Trcka;Mykola-Pechenizkiy
P-De-Bra;Ekaterina-Vasilyeva
P-De-Bra;Wil-Van-Der-Aalst
P-De-Bra;Mykola-Pechenizkiy
Ekaterina-Vasilyeva;Wil-Van-Der-Aalst
Ekaterina-Vasilyeva;Mykola-Pechenizkiy
Wil-Van-Der-Aalst;Mykola-Pechenizkiy
C-Romero;Cesar-Hervas
C-Romero;Pedro-G-Espejo
C-Romero;S-Ventura
Cesar-Hervas;Pedro-G-Espejo
Cesar-Hervas;S-Ventura
Pedro-G-Espejo;S-Ventura
Manuel-A-Perez-quinones;Stephen-H-Edwards
Manuel-A-Perez-quinones;Anthony-Allevato
Manuel-A-Perez-quinones;Matthew-Thornton
Stephen-H-Edwards;Anthony-Allevato
Stephen-H-Edwards;Matthew-Thornton
Anthony-Allevato;Matthew-Thornton
Kurt-Vanlehn;Moses-Hall
Kurt-Vanlehn;Pamela-Jordan
Kurt-Vanlehn;Min-Chi
Moses-Hall;Pamela-Jordan
Moses-Hall;Min-Chi
Pamela-Jordan;Min-Chi
Jack-Mostow;Xiaonan-Zhang
Jared-Tritz;Kate-Miller
Jared-Tritz;Tim-McKay
Kate-Miller;Tim-McKay
Adriana-Mjb-De-Carvalho;Ryan-Sjd-Baker
Adriana-Mjb-De-Carvalho;Ryan-SJd-Baker
Ryan-Sjd-Baker;Ryan-SJd-Baker
C-Romero;Cesar-Hervas
C-Romero;S-Ventura
Cesar-Hervas;S-Ventura
Vincent-Aleven;Ryan-Sjd-Baker
Vincent-Aleven;Ryan-SJd-Baker
Vincent-Aleven;Albert-T-Corbett
Ryan-Sjd-Baker;Ryan-SJd-Baker
Ryan-Sjd-Baker;Albert-T-Corbett
Ryan-SJd-Baker;Albert-T-Corbett
Shane-Dawson;Leah-P-Macfadyen
Reihaneh-Rabbany-K;Osmar-Zaiane
Reihaneh-Rabbany-K;Mansoureh-Takaffoli
Osmar-Zaiane;Mansoureh-Takaffoli
Arnon-Hershkovitz;Rafi-Nachmias
Jon-M-Fincham;John-R-Anderson
Jon-M-Fincham;Shawn-Betts
Jon-M-Fincham;Jennifer-L-Ferris
John-R-Anderson;Shawn-Betts
John-R-Anderson;Jennifer-L-Ferris
Shawn-Betts;Jennifer-L-Ferris
Michel-C-Desmarais;Behzad-Beheshti
Michel-C-Desmarais;Rhouma-Naceur
Behzad-Beheshti;Rhouma-Naceur
M-Feng;Neil-T-Heffernan
